ID,Name,Sex,Age,Height,Weight,Team,NOC,Games,Year,Season,City,Sport,Event,Medal,MedalBin
550,Dmitry Vladimirovich Abramovich,M,27,182,96,Russia-2,RUS,2010 Winter,2010,Winter,Vancouver,Bobsleigh,Bobsleigh Men's Two,No Medal,0
550,Dmitry Vladimirovich Abramovich,M,27,182,96,Russia-1,RUS,2010 Winter,2010,Winter,Vancouver,Bobsleigh,Bobsleigh Men's Four,No Medal,0
706,Guido Acklin,M,32,200,104,Switzerland-2,SUI,2002 Winter,2002,Winter,Salt Lake City,Bobsleigh,Bobsleigh Men's Four,No Medal,0
770,Marcus Adam,M,33,182,82,Great Britain-1,GBR,2002 Winter,2002,Winter,Salt Lake City,Bobsleigh,Bobsleigh Men's Two,No Medal,0
956,"Richard ""Richy""  Adjei",M,27,190,110,Germany-2,GER,2010 Winter,2010,Winter,Vancouver,Bobsleigh,Bobsleigh Men's Two,Silver,1
956,"Richard ""Richy""  Adjei",M,27,190,110,Germany-2,GER,2010 Winter,2010,Winter,Vancouver,Bobsleigh,Bobsleigh Men's Four,No Medal,0
1040,Urs Aeberhard,M,30,180,98,Switzerland-2,SUI,2002 Winter,2002,Winter,Salt Lake City,Bobsleigh,Bobsleigh Men's Four,No Medal,0
1045,Christian Aebli,M,27,180,95,Switzerland-2,SUI,2006 Winter,2006,Winter,Torino,Bobsleigh,Bobsleigh Men's Four,No Medal,0
1267,Errol Aguilera,M,23,175,77,Trinidad and Tobago,TTO,2002 Winter,2002,Winter,Salt Lake City,Bobsleigh,Bobsleigh Men's Two,No Medal,0
2577,Morgan Alexander,M,23,182,92,Canada-1,CAN,2006 Winter,2006,Winter,Torino,Bobsleigh,Bobsleigh Men's Four,No Medal,0
2596,Yorgo Alexandrou,M,29,190,110,Armenia,ARM,2002 Winter,2002,Winter,Salt Lake City,Bobsleigh,Bobsleigh Men's Two,No Medal,0
3676,"Stefan ""Steve"" Anderhub",M,31,187,104,Switzerland-1,SUI,2002 Winter,2002,Winter,Salt Lake City,Bobsleigh,Bobsleigh Men's Two,Silver,1
3676,"Stefan ""Steve"" Anderhub",M,31,187,104,Switzerland-2,SUI,2002 Winter,2002,Winter,Salt Lake City,Bobsleigh,Bobsleigh Men's Four,No Medal,0
4065,Michel Andr,M,31,191,103,France-2,FRA,2002 Winter,2002,Winter,Salt Lake City,Bobsleigh,Bobsleigh Men's Four,No Medal,0
4096,Ionu Andrei,M,24,194,105,Romania,ROU,2010 Winter,2010,Winter,Vancouver,Bobsleigh,Bobsleigh Men's Four,No Medal,0
4237,Aleksey Nikolayevich Andryunin,M,25,189,100,Russia-2,RUS,2002 Winter,2002,Winter,Salt Lake City,Bobsleigh,Bobsleigh Men's Four,No Medal,0
4317,Karl Angerer,M,30,186,99,Germany-3,GER,2010 Winter,2010,Winter,Vancouver,Bobsleigh,Bobsleigh Men's Two,No Medal,0
4317,Karl Angerer,M,30,186,99,Germany-3,GER,2010 Winter,2010,Winter,Vancouver,Bobsleigh,Bobsleigh Men's Four,No Medal,0
4423,Martin Annen,M,27,181,98,Switzerland-2,SUI,2002 Winter,2002,Winter,Salt Lake City,Bobsleigh,Bobsleigh Men's Two,Bronze,1
4423,Martin Annen,M,27,181,98,Switzerland-1,SUI,2002 Winter,2002,Winter,Salt Lake City,Bobsleigh,Bobsleigh Men's Four,No Medal,0
4423,Martin Annen,M,31,181,98,Switzerland-1,SUI,2006 Winter,2006,Winter,Torino,Bobsleigh,Bobsleigh Men's Two,Bronze,1
4423,Martin Annen,M,31,181,98,Switzerland-1,SUI,2006 Winter,2006,Winter,Torino,Bobsleigh,Bobsleigh Men's Four,Bronze,1
4882,Alexandre Arbez,M,23,188,88,France-1,FRA,2002 Winter,2002,Winter,Salt Lake City,Bobsleigh,Bobsleigh Men's Four,No Medal,0
5037,Mihails Arhipovs,M,21,183,95,Latvia-2,LAT,2006 Winter,2006,Winter,Torino,Bobsleigh,Bobsleigh Men's Four,No Medal,0
5037,Mihails Arhipovs,M,25,183,95,Latvia,LAT,2010 Winter,2010,Winter,Vancouver,Bobsleigh,Bobsleigh Men's Four,No Medal,0
5200,Maximilian Arndt,M,26,180,93,Germany-3,GER,2014 Winter,2014,Winter,Sochi,Bobsleigh,Bobsleigh Men's Two,No Medal,0
5200,Maximilian Arndt,M,26,180,93,Germany-1,GER,2014 Winter,2014,Winter,Sochi,Bobsleigh,Bobsleigh Men's Four,No Medal,0
5875,Paul Jason Attwood,M,32,180,97,Great Britain-2,GBR,2002 Winter,2002,Winter,Salt Lake City,Bobsleigh,Bobsleigh Men's Four,No Medal,0
6586,Jannis Bcker,M,29,198,101,Germany-1,GER,2014 Winter,2014,Winter,Sochi,Bobsleigh,Bobsleigh Men's Two,No Medal,0
6586,Jannis Bcker,M,29,198,101,Germany-2,GER,2014 Winter,2014,Winter,Sochi,Bobsleigh,Bobsleigh Men's Four,No Medal,0
6914,Jeremy Baillard,M,24,187,106,France-2,FRA,2014 Winter,2014,Winter,Sochi,Bobsleigh,Bobsleigh Men's Four,No Medal,0
6939,John Baines,M,28,189,100,Great Britain,GBR,2014 Winter,2014,Winter,Sochi,Bobsleigh,Bobsleigh Men's Two,No Medal,0
6939,John Baines,M,28,189,100,Great Britain-2,GBR,2014 Winter,2014,Winter,Sochi,Bobsleigh,Bobsleigh Men's Four,No Medal,0
7978,Bryan Barnett,M,26,183,92,Canada-3,CAN,2014 Winter,2014,Winter,Sochi,Bobsleigh,Bobsleigh Men's Two,No Medal,0
7978,Bryan Barnett,M,26,183,92,Canada-1,CAN,2014 Winter,2014,Winter,Sochi,Bobsleigh,Bobsleigh Men's Four,No Medal,0
8264,Levente Gabriel Bartha,M,28,185,80,Romania-2,ROU,2006 Winter,2006,Winter,Torino,Bobsleigh,Bobsleigh Men's Two,No Medal,0
8372,Andreas Barucha,M,30,180,93,Germany-2,GER,2010 Winter,2010,Winter,Vancouver,Bobsleigh,Bobsleigh Men's Four,No Medal,0
8373,Stefan Barucha,M,24,184,90,Germany-1,GER,2002 Winter,2002,Winter,Salt Lake City,Bobsleigh,Bobsleigh Men's Four,No Medal,0
8748,Alex Baumann,M,28,181,100,Switzerland-1,SUI,2014 Winter,2014,Winter,Sochi,Bobsleigh,Bobsleigh Men's Two,Silver,1
8748,Alex Baumann,M,28,181,100,Switzerland,SUI,2014 Winter,2014,Winter,Sochi,Bobsleigh,Bobsleigh Men's Four,No Medal,0
9184,Timothy Beck,M,25,177,80,Netherlands,NED,2002 Winter,2002,Winter,Salt Lake City,Bobsleigh,Bobsleigh Men's Four,No Medal,0
9810,Maksim Eduardovich Belugin,M,28,197,115,Russia-2,RUS,2014 Winter,2014,Winter,Sochi,Bobsleigh,Bobsleigh Men's Two,No Medal,0
9810,Maksim Eduardovich Belugin,M,28,197,115,Russia-2,RUS,2014 Winter,2014,Winter,Sochi,Bobsleigh,Bobsleigh Men's Four,No Medal,0
9980,Andrej Benda,M,30,193,95,Slovakia,SVK,2006 Winter,2006,Winter,Torino,Bobsleigh,Bobsleigh Men's Four,No Medal,0
10224,Stuart Benson,M,32,195,93,Great Britain-1,GBR,2014 Winter,2014,Winter,Sochi,Bobsleigh,Bobsleigh Men's Four,No Medal,0
10602,"Charles ""Chuck"" Berkeley",M,33,195,105,United States-2,USA,2010 Winter,2010,Winter,Vancouver,Bobsleigh,Bobsleigh Men's Four,No Medal,0
10633,Gregor Bermbach,M,28,183,95,Germany-3,GER,2010 Winter,2010,Winter,Vancouver,Bobsleigh,Bobsleigh Men's Two,No Medal,0
10633,Gregor Bermbach,M,28,183,95,Germany-3,GER,2010 Winter,2010,Winter,Vancouver,Bobsleigh,Bobsleigh Men's Four,No Medal,0
10633,Gregor Bermbach,M,32,183,95,Germany-2,GER,2014 Winter,2014,Winter,Sochi,Bobsleigh,Bobsleigh Men's Four,No Medal,0
10819,Simone Bertazzo,M,23,184,103,Italy-1,ITA,2006 Winter,2006,Winter,Torino,Bobsleigh,Bobsleigh Men's Two,No Medal,0
10819,Simone Bertazzo,M,23,184,103,Italy-1,ITA,2006 Winter,2006,Winter,Torino,Bobsleigh,Bobsleigh Men's Four,No Medal,0
10819,Simone Bertazzo,M,27,184,103,Italy-1,ITA,2010 Winter,2010,Winter,Vancouver,Bobsleigh,Bobsleigh Men's Two,No Medal,0
10819,Simone Bertazzo,M,27,184,103,Italy,ITA,2010 Winter,2010,Winter,Vancouver,Bobsleigh,Bobsleigh Men's Four,No Medal,0
10819,Simone Bertazzo,M,31,184,103,Italy,ITA,2014 Winter,2014,Winter,Sochi,Bobsleigh,Bobsleigh Men's Two,No Medal,0
10819,Simone Bertazzo,M,31,184,103,Italy,ITA,2014 Winter,2014,Winter,Sochi,Bobsleigh,Bobsleigh Men's Four,No Medal,0
11598,Edson Luques Bindilatti,M,22,190,89,Brazil,BRA,2002 Winter,2002,Winter,Salt Lake City,Bobsleigh,Bobsleigh Men's Four,No Medal,0
11598,Edson Luques Bindilatti,M,26,190,89,Brazil,BRA,2006 Winter,2006,Winter,Torino,Bobsleigh,Bobsleigh Men's Four,No Medal,0
11598,Edson Luques Bindilatti,M,34,190,89,Brazil,BRA,2014 Winter,2014,Winter,Sochi,Bobsleigh,Bobsleigh Men's Four,No Medal,0
11815,David Bissett,M,26,179,102,Canada-2,CAN,2006 Winter,2006,Winter,Torino,Bobsleigh,Bobsleigh Men's Two,No Medal,0
11815,David Bissett,M,26,179,102,Canada-2,CAN,2006 Winter,2006,Winter,Torino,Bobsleigh,Bobsleigh Men's Four,No Medal,0
11815,David Bissett,M,30,179,102,Canada-1,CAN,2010 Winter,2010,Winter,Vancouver,Bobsleigh,Bobsleigh Men's Two,No Medal,0
11815,David Bissett,M,30,179,102,Canada-1,CAN,2010 Winter,2010,Winter,Vancouver,Bobsleigh,Bobsleigh Men's Four,Bronze,1
11815,David Bissett,M,34,179,102,Canada-2,CAN,2014 Winter,2014,Winter,Sochi,Bobsleigh,Bobsleigh Men's Four,No Medal,0
12381,Joshua Bluhm,M,19,187,95,Germany-3,GER,2014 Winter,2014,Winter,Sochi,Bobsleigh,Bobsleigh Men's Four,No Medal,0
12745,Mris Bogdanovs,M,26,186,92,Latvia-2,LAT,2006 Winter,2006,Winter,Torino,Bobsleigh,Bobsleigh Men's Four,No Medal,0
12828,Martin Bohman,M,29,180,93,Czech Republic-2,CZE,2010 Winter,2010,Winter,Vancouver,Bobsleigh,Bobsleigh Men's Four,No Medal,0
13876,Jrmy Bottin,M,32,186,90,Monaco,MON,2006 Winter,2006,Winter,Torino,Bobsleigh,Bobsleigh Men's Two,No Medal,0
14178,Jeremie Boutherin,M,25,175,77,France-2,FRA,2014 Winter,2014,Winter,Sochi,Bobsleigh,Bobsleigh Men's Four,No Medal,0
14849,Andreas Bredau,M,25,196,107,Germany-3,GER,2010 Winter,2010,Winter,Vancouver,Bobsleigh,Bobsleigh Men's Four,No Medal,0
15312,Raivis Broks,M,25,192,102,Latvia,LAT,2010 Winter,2010,Winter,Vancouver,Bobsleigh,Bobsleigh Men's Four,No Medal,0
15312,Raivis Broks,M,29,192,102,Latvia-2,LAT,2014 Winter,2014,Winter,Sochi,Bobsleigh,Bobsleigh Men's Four,No Medal,0
15489,Christian E. Brown,M,34,180,86,United States Virgin Islands,ISV,2002 Winter,2002,Winter,Salt Lake City,Bobsleigh,Bobsleigh Men's Four,No Medal,0
15556,Lascelles Oneil Brown,M,27,182,100,Jamaica,JAM,2002 Winter,2002,Winter,Salt Lake City,Bobsleigh,Bobsleigh Men's Two,No Medal,0
15556,Lascelles Oneil Brown,M,31,182,100,Canada-1,CAN,2006 Winter,2006,Winter,Torino,Bobsleigh,Bobsleigh Men's Two,Silver,1
15556,Lascelles Oneil Brown,M,31,182,100,Canada-1,CAN,2006 Winter,2006,Winter,Torino,Bobsleigh,Bobsleigh Men's Four,No Medal,0
15556,Lascelles Oneil Brown,M,35,182,100,Canada-1,CAN,2010 Winter,2010,Winter,Vancouver,Bobsleigh,Bobsleigh Men's Two,No Medal,0
15556,Lascelles Oneil Brown,M,35,182,100,Canada-1,CAN,2010 Winter,2010,Winter,Vancouver,Bobsleigh,Bobsleigh Men's Four,Bronze,1
15556,Lascelles Oneil Brown,M,39,182,100,Canada-1,CAN,2014 Winter,2014,Winter,Sochi,Bobsleigh,Bobsleigh Men's Two,No Medal,0
15556,Lascelles Oneil Brown,M,39,182,100,Canada-2,CAN,2014 Winter,2014,Winter,Sochi,Bobsleigh,Bobsleigh Men's Four,No Medal,0
15899,Colin John L. Bryce,M,27,188,NA,Great Britain-2,GBR,2002 Winter,2002,Winter,Salt Lake City,Bobsleigh,Bobsleigh Men's Two,No Medal,0
16414,Gunrs Bumbulis,M,27,178,87,Latvia-2,LAT,2002 Winter,2002,Winter,Salt Lake City,Bobsleigh,Bobsleigh Men's Four,No Medal,0
16420,Aleksandar Bundalo,M,24,205,109,Serbia,SRB,2014 Winter,2014,Winter,Sochi,Bobsleigh,Bobsleigh Men's Two,No Medal,0
16937,Cory James Butner,M,32,188,102,United States-2,USA,2014 Winter,2014,Winter,Sochi,Bobsleigh,Bobsleigh Men's Two,No Medal,0
17497,Jean-Franois Calmes,M,31,185,90,Monaco,MON,2002 Winter,2002,Winter,Salt Lake City,Bobsleigh,Bobsleigh Men's Four,No Medal,0
18428,Pascal Caron,M,29,173,80,Canada,CAN,2002 Winter,2002,Winter,Salt Lake City,Bobsleigh,Bobsleigh Men's Four,No Medal,0
20164,Chen Chien-Li,M,21,175,81,Chinese Taipei,TPE,2002 Winter,2002,Winter,Salt Lake City,Bobsleigh,Bobsleigh Men's Four,No Medal,0
20165,Chen Chien-Sheng,M,25,186,79,Chinese Taipei,TPE,2002 Winter,2002,Winter,Salt Lake City,Bobsleigh,Bobsleigh Men's Four,No Medal,0
20172,Chen Chin-San,M,39,178,86,Chinese Taipei,TPE,2002 Winter,2002,Winter,Salt Lake City,Bobsleigh,Bobsleigh Men's Four,No Medal,0
21719,Giona Manuel Cividino,M,27,188,84,Italy,ITA,2002 Winter,2002,Winter,Salt Lake City,Bobsleigh,Bobsleigh Men's Four,No Medal,0
22114,"Benjamin ""Ben"" Coakwell",M,26,178,102,Canada-3,CAN,2014 Winter,2014,Winter,Sochi,Bobsleigh,Bobsleigh Men's Four,No Medal,0
22636,Allyn Condon,M,35,178,85,Great Britain,GBR,2010 Winter,2010,Winter,Vancouver,Bobsleigh,Bobsleigh Men's Four,No Medal,0
23286,Francesco Costa,M,28,185,90,Italy,ITA,2014 Winter,2014,Winter,Sochi,Bobsleigh,Bobsleigh Men's Four,No Medal,0
23348,Loic Costerg,M,26,185,90,France,FRA,2014 Winter,2014,Winter,Sochi,Bobsleigh,Bobsleigh Men's Two,No Medal,0
23348,Loic Costerg,M,26,185,90,France-1,FRA,2014 Winter,2014,Winter,Sochi,Bobsleigh,Bobsleigh Men's Four,No Medal,0
23634,Florin Cezar Crciun,M,20,186,103,Romania,ROU,2010 Winter,2010,Winter,Vancouver,Bobsleigh,Bobsleigh Men's Two,No Medal,0
23634,Florin Cezar Crciun,M,20,186,103,Romania,ROU,2010 Winter,2010,Winter,Vancouver,Bobsleigh,Bobsleigh Men's Four,No Medal,0
23634,Florin Cezar Crciun,M,24,186,103,Romania,ROU,2014 Winter,2014,Winter,Sochi,Bobsleigh,Bobsleigh Men's Two,No Medal,0
23634,Florin Cezar Crciun,M,24,186,103,Romania,ROU,2014 Winter,2014,Winter,Sochi,Bobsleigh,Bobsleigh Men's Four,No Medal,0
24341,Nathan Cunningham,M,24,180,95,Canada-2,CAN,2006 Winter,2006,Winter,Torino,Bobsleigh,Bobsleigh Men's Four,No Medal,0
24342,Nick Cunningham,M,24,180,95,United States-3,USA,2010 Winter,2010,Winter,Vancouver,Bobsleigh,Bobsleigh Men's Two,No Medal,0
24342,Nick Cunningham,M,24,180,95,United States-3,USA,2010 Winter,2010,Winter,Vancouver,Bobsleigh,Bobsleigh Men's Four,No Medal,0
24342,Nick Cunningham,M,28,180,95,United States-3,USA,2014 Winter,2014,Winter,Sochi,Bobsleigh,Bobsleigh Men's Two,No Medal,0
24342,Nick Cunningham,M,28,180,95,United States-2,USA,2014 Winter,2014,Winter,Sochi,Bobsleigh,Bobsleigh Men's Four,No Medal,0
24689,Claudinei Quirino da Silva,M,35,186,88,Brazil,BRA,2006 Winter,2006,Winter,Torino,Bobsleigh,Bobsleigh Men's Four,No Medal,0
25017,"Matthew John ""Matt"" Dallow",M,34,190,114,New Zealand,NZL,2006 Winter,2006,Winter,Torino,Bobsleigh,Bobsleigh Men's Two,No Medal,0
25251,Ivo Danilevi,M,31,188,107,Czech Republic-2,CZE,2002 Winter,2002,Winter,Salt Lake City,Bobsleigh,Bobsleigh Men's Two,No Medal,0
25251,Ivo Danilevi,M,31,188,107,Czech Republic,CZE,2002 Winter,2002,Winter,Salt Lake City,Bobsleigh,Bobsleigh Men's Four,No Medal,0
25251,Ivo Danilevi,M,35,188,107,Czech Republic-1,CZE,2006 Winter,2006,Winter,Torino,Bobsleigh,Bobsleigh Men's Two,No Medal,0
25251,Ivo Danilevi,M,35,188,107,Czech Republic,CZE,2006 Winter,2006,Winter,Torino,Bobsleigh,Bobsleigh Men's Four,No Medal,0
25251,Ivo Danilevi,M,39,188,107,Czech Republic,CZE,2010 Winter,2010,Winter,Vancouver,Bobsleigh,Bobsleigh Men's Two,No Medal,0
25251,Ivo Danilevi,M,39,188,107,Czech Republic-1,CZE,2010 Winter,2010,Winter,Vancouver,Bobsleigh,Bobsleigh Men's Four,No Medal,0
25297,Miroslav Danov,M,22,170,85,Bulgaria,BUL,2002 Winter,2002,Winter,Salt Lake City,Bobsleigh,Bobsleigh Men's Two,No Medal,0
26633,Antonio De Sanctis,M,33,180,87,Italy-2,ITA,2006 Winter,2006,Winter,Torino,Bobsleigh,Bobsleigh Men's Four,No Medal,0
26971,Lamin Ali Deen,M,32,183,100,Great Britain,GBR,2014 Winter,2014,Winter,Sochi,Bobsleigh,Bobsleigh Men's Two,No Medal,0
26971,Lamin Ali Deen,M,32,183,100,Great Britain-2,GBR,2014 Winter,2014,Winter,Sochi,Bobsleigh,Bobsleigh Men's Four,No Medal,0
27468,Luke Demetre,M,23,188,104,Canada-3,CAN,2014 Winter,2014,Winter,Sochi,Bobsleigh,Bobsleigh Men's Four,No Medal,0
27469,Teodor Demetriad,M,24,191,100,Romania,ROU,2002 Winter,2002,Winter,Salt Lake City,Bobsleigh,Bobsleigh Men's Four,No Medal,0
27852,Serge Despres,M,27,188,100,Canada-2,CAN,2006 Winter,2006,Winter,Torino,Bobsleigh,Bobsleigh Men's Two,No Medal,0
27852,Serge Despres,M,27,188,100,Canada-2,CAN,2006 Winter,2006,Winter,Torino,Bobsleigh,Bobsleigh Men's Four,No Medal,0
28378,Intars Dcmanis,M,22,197,93,Latvia-2,LAT,2002 Winter,2002,Winter,Salt Lake City,Bobsleigh,Bobsleigh Men's Two,No Medal,0
28378,Intars Dcmanis,M,22,197,93,Latvia-2,LAT,2002 Winter,2002,Winter,Salt Lake City,Bobsleigh,Bobsleigh Men's Four,No Medal,0
28378,Intars Dcmanis,M,26,197,93,Latvia-2,LAT,2006 Winter,2006,Winter,Torino,Bobsleigh,Bobsleigh Men's Two,No Medal,0
28378,Intars Dcmanis,M,26,197,93,Latvia-2,LAT,2006 Winter,2006,Winter,Torino,Bobsleigh,Bobsleigh Men's Four,No Medal,0
28826,Marvin Dixon,M,30,175,93,Jamaica,JAM,2014 Winter,2014,Winter,Sochi,Bobsleigh,Bobsleigh Men's Two,No Medal,0
29131,Shinji Doigawa,M,22,182,83,Japan,JPN,2002 Winter,2002,Winter,Salt Lake City,Bobsleigh,Bobsleigh Men's Four,No Medal,0
29131,Shinji Doigawa,M,30,182,83,Japan,JPN,2010 Winter,2010,Winter,Vancouver,Bobsleigh,Bobsleigh Men's Four,No Medal,0
29422,Peter Donohoe,M,38,193,96,Ireland,IRL,2002 Winter,2002,Winter,Salt Lake City,Bobsleigh,Bobsleigh Men's Two,No Medal,0
29742,Ioan Dnu Dovalciuc,M,21,186,100,Romania,ROU,2006 Winter,2006,Winter,Torino,Bobsleigh,Bobsleigh Men's Four,No Medal,0
29742,Ioan Dnu Dovalciuc,M,25,186,100,Romania,ROU,2010 Winter,2010,Winter,Vancouver,Bobsleigh,Bobsleigh Men's Four,No Medal,0
29972,Daumants Dreikens,M,21,193,108,Latvia-1,LAT,2006 Winter,2006,Winter,Torino,Bobsleigh,Bobsleigh Men's Two,No Medal,0
29972,Daumants Dreikens,M,21,193,108,Latvia-1,LAT,2006 Winter,2006,Winter,Torino,Bobsleigh,Bobsleigh Men's Four,No Medal,0
29972,Daumants Dreikens,M,25,193,108,Latvia,LAT,2010 Winter,2010,Winter,Vancouver,Bobsleigh,Bobsleigh Men's Two,No Medal,0
29972,Daumants Dreikens,M,29,193,108,Latvia-1,LAT,2014 Winter,2014,Winter,Sochi,Bobsleigh,Bobsleigh Men's Two,No Medal,0
29972,Daumants Dreikens,M,29,193,108,Latvia-1,LAT,2014 Winter,2014,Winter,Sochi,Bobsleigh,Bobsleigh Men's Four,Silver,1
30108,Niki Drpi,M,22,185,87,Croatia,CRO,2002 Winter,2002,Winter,Salt Lake City,Bobsleigh,Bobsleigh Men's Four,No Medal,0
30563,Adrian Duminicel,M,21,186,96,Romania,ROU,2002 Winter,2002,Winter,Salt Lake City,Bobsleigh,Bobsleigh Men's Two,No Medal,0
30563,Adrian Duminicel,M,21,186,96,Romania,ROU,2002 Winter,2002,Winter,Salt Lake City,Bobsleigh,Bobsleigh Men's Four,No Medal,0
30563,Adrian Duminicel,M,25,186,96,Romania-1,ROU,2006 Winter,2006,Winter,Torino,Bobsleigh,Bobsleigh Men's Two,No Medal,0
30563,Adrian Duminicel,M,25,186,96,Romania,ROU,2006 Winter,2006,Winter,Torino,Bobsleigh,Bobsleigh Men's Four,No Medal,0
30855,Thomas Drr,M,31,194,102,Liechtenstein,LIE,2010 Winter,2010,Winter,Vancouver,Bobsleigh,Bobsleigh Men's Two,No Medal,0
30980,Dalibor uri,M,26,196,113,Serbia and Montenegro,SCG,2002 Winter,2002,Winter,Salt Lake City,Bobsleigh,Bobsleigh Men's Four,No Medal,0
30988,Dominik Dvok,M,21,192,95,Czech Republic,CZE,2014 Winter,2014,Winter,Sochi,Bobsleigh,Bobsleigh Men's Four,No Medal,0
31429,Mark Fraser Edmond,M,25,191,99,New Zealand,NZL,2002 Winter,2002,Winter,Salt Lake City,Bobsleigh,Bobsleigh Men's Two,No Medal,0
31429,Mark Fraser Edmond,M,25,191,99,New Zealand,NZL,2002 Winter,2002,Winter,Salt Lake City,Bobsleigh,Bobsleigh Men's Four,No Medal,0
31579,Jrg Egger,M,32,178,98,Switzerland-2,SUI,2014 Winter,2014,Winter,Sochi,Bobsleigh,Bobsleigh Men's Two,No Medal,0
31579,Jrg Egger,M,32,178,98,Switzerland,SUI,2014 Winter,2014,Winter,Sochi,Bobsleigh,Bobsleigh Men's Four,No Medal,0
32475,Carsten Embach,M,33,189,93,Germany-2,GER,2002 Winter,2002,Winter,Salt Lake City,Bobsleigh,Bobsleigh Men's Four,Gold,1
32534,Florian Enache,M,30,178,91,Romania,ROU,2002 Winter,2002,Winter,Salt Lake City,Bobsleigh,Bobsleigh Men's Two,No Medal,0
32534,Florian Enache,M,30,178,91,Romania,ROU,2002 Winter,2002,Winter,Salt Lake City,Bobsleigh,Bobsleigh Men's Four,No Medal,0
34375,Joel Israel Fearon,M,25,178,90,Great Britain-1,GBR,2014 Winter,2014,Winter,Sochi,Bobsleigh,Bobsleigh Men's Four,No Medal,0
35950,Thomas Florschtz,M,31,184,95,Germany-2,GER,2010 Winter,2010,Winter,Vancouver,Bobsleigh,Bobsleigh Men's Two,Silver,1
35950,Thomas Florschtz,M,31,184,95,Germany-2,GER,2010 Winter,2010,Winter,Vancouver,Bobsleigh,Bobsleigh Men's Four,No Medal,0
35950,Thomas Florschtz,M,35,184,95,Germany-2,GER,2014 Winter,2014,Winter,Sochi,Bobsleigh,Bobsleigh Men's Two,No Medal,0
35950,Thomas Florschtz,M,35,184,95,Germany-3,GER,2014 Winter,2014,Winter,Sochi,Bobsleigh,Bobsleigh Men's Four,No Medal,0
36035,"Christopher ""Chris"" Fogt",M,26,183,93,United States-2,USA,2010 Winter,2010,Winter,Vancouver,Bobsleigh,Bobsleigh Men's Four,No Medal,0
36035,"Christopher ""Chris"" Fogt",M,30,183,93,United States-2,USA,2014 Winter,2014,Winter,Sochi,Bobsleigh,Bobsleigh Men's Two,No Medal,0
36035,"Christopher ""Chris"" Fogt",M,30,183,93,United States-1,USA,2014 Winter,2014,Winter,Sochi,Bobsleigh,Bobsleigh Men's Four,Bronze,1
36161,Simone Fontana,M,22,183,97,Italy,ITA,2014 Winter,2014,Winter,Sochi,Bobsleigh,Bobsleigh Men's Two,No Medal,0
36161,Simone Fontana,M,22,183,97,Italy,ITA,2014 Winter,2014,Winter,Sochi,Bobsleigh,Bobsleigh Men's Four,No Medal,0
36509,Christophe Fouquet,M,27,180,99,France-1,FRA,2002 Winter,2002,Winter,Salt Lake City,Bobsleigh,Bobsleigh Men's Four,No Medal,0
36509,Christophe Fouquet,M,31,180,99,France,FRA,2006 Winter,2006,Winter,Torino,Bobsleigh,Bobsleigh Men's Four,No Medal,0
36783,Nicholas Alex Frankl,M,30,183,85,Hungary,HUN,2002 Winter,2002,Winter,Salt Lake City,Bobsleigh,Bobsleigh Men's Four,No Medal,0
37191,Francesco Friedrich,M,23,180,89,Germany-1,GER,2014 Winter,2014,Winter,Sochi,Bobsleigh,Bobsleigh Men's Two,No Medal,0
37191,Francesco Friedrich,M,23,180,89,Germany-2,GER,2014 Winter,2014,Winter,Sochi,Bobsleigh,Bobsleigh Men's Four,No Medal,0
38012,Stphane Galbert,M,31,180,97,France,FRA,2006 Winter,2006,Winter,Torino,Bobsleigh,Bobsleigh Men's Two,No Medal,0
38316,Gang Gwang-Bae,M,36,180,95,South Korea,KOR,2010 Winter,2010,Winter,Vancouver,Bobsleigh,Bobsleigh Men's Four,No Medal,0
39033,Tomasz Konrad Gatka,M,27,178,70,Poland,POL,2002 Winter,2002,Winter,Salt Lake City,Bobsleigh,Bobsleigh Men's Four,No Medal,0
39056,Sbastien Gattuso,M,30,180,97,Monaco,MON,2002 Winter,2002,Winter,Salt Lake City,Bobsleigh,Bobsleigh Men's Two,No Medal,0
39056,Sbastien Gattuso,M,30,180,97,Monaco,MON,2002 Winter,2002,Winter,Salt Lake City,Bobsleigh,Bobsleigh Men's Four,No Medal,0
39056,Sbastien Gattuso,M,38,180,97,Monaco,MON,2010 Winter,2010,Winter,Vancouver,Bobsleigh,Bobsleigh Men's Two,No Medal,0
39056,Sbastien Gattuso,M,42,180,97,Monaco,MON,2014 Winter,2014,Winter,Sochi,Bobsleigh,Bobsleigh Men's Two,No Medal,0
39330,"Andreas ""Andi"" Gees",M,30,183,106,Switzerland-2,SUI,2006 Winter,2006,Winter,Torino,Bobsleigh,Bobsleigh Men's Four,No Medal,0
40574,Thibault Giroud,M,27,178,83,France-2,FRA,2002 Winter,2002,Winter,Salt Lake City,Bobsleigh,Bobsleigh Men's Four,No Medal,0
40688,Arend Dirk Glas,M,33,190,102,Netherlands,NED,2002 Winter,2002,Winter,Salt Lake City,Bobsleigh,Bobsleigh Men's Two,No Medal,0
40688,Arend Dirk Glas,M,33,190,102,Netherlands,NED,2002 Winter,2002,Winter,Salt Lake City,Bobsleigh,Bobsleigh Men's Four,No Medal,0
40688,Arend Dirk Glas,M,37,190,102,Netherlands,NED,2006 Winter,2006,Winter,Torino,Bobsleigh,Bobsleigh Men's Two,No Medal,0
40688,Arend Dirk Glas,M,37,190,102,Netherlands,NED,2006 Winter,2006,Winter,Torino,Bobsleigh,Bobsleigh Men's Four,No Medal,0
40948,Thibault Alexis Godefroy,M,28,185,98,France-2,FRA,2014 Winter,2014,Winter,Sochi,Bobsleigh,Bobsleigh Men's Four,No Medal,0
40999,Philip Adrian Goedluck,M,34,183,100,Great Britain-1,GBR,2002 Winter,2002,Winter,Salt Lake City,Bobsleigh,Bobsleigh Men's Four,No Medal,0
41226,Sergey Viktorovich Golubyov,M,24,183,101,Russia-1,RUS,2002 Winter,2002,Winter,Salt Lake City,Bobsleigh,Bobsleigh Men's Four,No Medal,0
41226,Sergey Viktorovich Golubyov,M,28,183,101,Russia-2,RUS,2006 Winter,2006,Winter,Torino,Bobsleigh,Bobsleigh Men's Four,No Medal,0
41362,Roman Gomola,M,28,178,90,Czech Republic-2,CZE,2002 Winter,2002,Winter,Salt Lake City,Bobsleigh,Bobsleigh Men's Two,No Medal,0
41362,Roman Gomola,M,32,178,90,Czech Republic-1,CZE,2006 Winter,2006,Winter,Torino,Bobsleigh,Bobsleigh Men's Two,No Medal,0
41362,Roman Gomola,M,32,178,90,Czech Republic,CZE,2006 Winter,2006,Winter,Torino,Bobsleigh,Bobsleigh Men's Four,No Medal,0
41371,Fbio Gonalves Silva,M,36,178,88,Brazil,BRA,2014 Winter,2014,Winter,Sochi,Bobsleigh,Bobsleigh Men's Four,No Medal,0
42185,"Jurica ""Juraj"" Grabui",M,22,183,76,Croatia,CRO,2006 Winter,2006,Winter,Torino,Bobsleigh,Bobsleigh Men's Four,No Medal,0
42354,Cdric Grand,M,26,189,95,Switzerland-1,SUI,2002 Winter,2002,Winter,Salt Lake City,Bobsleigh,Bobsleigh Men's Four,No Medal,0
42354,Cdric Grand,M,30,189,95,Switzerland-2,SUI,2006 Winter,2006,Winter,Torino,Bobsleigh,Bobsleigh Men's Two,No Medal,0
42354,Cdric Grand,M,30,189,95,Switzerland-1,SUI,2006 Winter,2006,Winter,Torino,Bobsleigh,Bobsleigh Men's Four,Bronze,1
42354,Cdric Grand,M,34,189,95,Switzerland,SUI,2010 Winter,2010,Winter,Vancouver,Bobsleigh,Bobsleigh Men's Two,No Medal,0
42354,Cdric Grand,M,34,189,95,Switzerland,SUI,2010 Winter,2010,Winter,Vancouver,Bobsleigh,Bobsleigh Men's Four,No Medal,0
42951,Albert Alexandre Louis Pierre Grimaldi,M,43,181,85,Monaco,MON,2002 Winter,2002,Winter,Salt Lake City,Bobsleigh,Bobsleigh Men's Four,No Medal,0
44204,Gatis Gts,M,25,184,91,Latvia-2,LAT,2002 Winter,2002,Winter,Salt Lake City,Bobsleigh,Bobsleigh Men's Two,No Medal,0
44204,Gatis Gts,M,25,184,91,Latvia-2,LAT,2002 Winter,2002,Winter,Salt Lake City,Bobsleigh,Bobsleigh Men's Four,No Medal,0
44204,Gatis Gts,M,29,184,91,Latvia-2,LAT,2006 Winter,2006,Winter,Torino,Bobsleigh,Bobsleigh Men's Two,No Medal,0
44396,Mrton Gyulai,M,22,187,95,Hungary,HUN,2002 Winter,2002,Winter,Salt Lake City,Bobsleigh,Bobsleigh Men's Four,No Medal,0
44396,Mrton Gyulai,M,26,187,95,Hungary,HUN,2006 Winter,2006,Winter,Torino,Bobsleigh,Bobsleigh Men's Two,No Medal,0
44396,Mrton Gyulai,M,26,187,95,Hungary,HUN,2006 Winter,2006,Winter,Torino,Bobsleigh,Bobsleigh Men's Four,No Medal,0
44573,Christian Hackl,M,28,184,92,Austria-2,AUT,2010 Winter,2010,Winter,Vancouver,Bobsleigh,Bobsleigh Men's Two,No Medal,0
44573,Christian Hackl,M,28,184,92,Austria,AUT,2010 Winter,2010,Winter,Vancouver,Bobsleigh,Bobsleigh Men's Four,No Medal,0
44907,Andra Hakli,M,32,189,103,Croatia,CRO,2010 Winter,2010,Winter,Vancouver,Bobsleigh,Bobsleigh Men's Four,No Medal,0
45547,Roman Handschin,M,23,186,96,Switzerland-2,SUI,2006 Winter,2006,Winter,Torino,Bobsleigh,Bobsleigh Men's Four,No Medal,0
46137,"Philip James Charles ""Phil"" Harries",M,35,183,88,Great Britain-2,GBR,2002 Winter,2002,Winter,Salt Lake City,Bobsleigh,Bobsleigh Men's Four,No Medal,0
46222,"Stephen John ""Steve"" Harrison",M,29,190,95,New Zealand,NZL,2002 Winter,2002,Winter,Salt Lake City,Bobsleigh,Bobsleigh Men's Four,No Medal,0
46352,Duncan Harvey,M,28,183,102,Australia-1,AUS,2010 Winter,2010,Winter,Vancouver,Bobsleigh,Bobsleigh Men's Two,No Medal,0
46352,Duncan Harvey,M,32,183,102,Australia,AUS,2014 Winter,2014,Winter,Sochi,Bobsleigh,Bobsleigh Men's Two,No Medal,0
46352,Duncan Harvey,M,32,183,102,Australia,AUS,2014 Winter,2014,Winter,Sochi,Bobsleigh,Bobsleigh Men's Four,No Medal,0
46875,Todd Dennys Hays,M,32,190,107,United States-1,USA,2002 Winter,2002,Winter,Salt Lake City,Bobsleigh,Bobsleigh Men's Two,No Medal,0
46875,Todd Dennys Hays,M,32,190,107,United States-1,USA,2002 Winter,2002,Winter,Salt Lake City,Bobsleigh,Bobsleigh Men's Four,Silver,1
46875,Todd Dennys Hays,M,36,190,107,United States-1,USA,2006 Winter,2006,Winter,Torino,Bobsleigh,Bobsleigh Men's Two,No Medal,0
46875,Todd Dennys Hays,M,36,190,107,United States-1,USA,2006 Winter,2006,Winter,Torino,Bobsleigh,Bobsleigh Men's Four,No Medal,0
47140,Beat Hefti,M,24,183,110,Switzerland-2,SUI,2002 Winter,2002,Winter,Salt Lake City,Bobsleigh,Bobsleigh Men's Two,Bronze,1
47140,Beat Hefti,M,24,183,110,Switzerland-1,SUI,2002 Winter,2002,Winter,Salt Lake City,Bobsleigh,Bobsleigh Men's Four,No Medal,0
47140,Beat Hefti,M,28,183,110,Switzerland-1,SUI,2006 Winter,2006,Winter,Torino,Bobsleigh,Bobsleigh Men's Two,Bronze,1
47140,Beat Hefti,M,28,183,110,Switzerland-1,SUI,2006 Winter,2006,Winter,Torino,Bobsleigh,Bobsleigh Men's Four,Bronze,1
47140,Beat Hefti,M,32,183,110,Switzerland,SUI,2010 Winter,2010,Winter,Vancouver,Bobsleigh,Bobsleigh Men's Four,No Medal,0
47140,Beat Hefti,M,36,183,110,Switzerland-1,SUI,2014 Winter,2014,Winter,Sochi,Bobsleigh,Bobsleigh Men's Two,Silver,1
47140,Beat Hefti,M,36,183,110,Switzerland,SUI,2014 Winter,2014,Winter,Sochi,Bobsleigh,Bobsleigh Men's Four,No Medal,0
47302,Romain Heinrich,M,24,188,105,France,FRA,2014 Winter,2014,Winter,Sochi,Bobsleigh,Bobsleigh Men's Two,No Medal,0
47302,Romain Heinrich,M,24,188,105,France-1,FRA,2014 Winter,2014,Winter,Sochi,Bobsleigh,Bobsleigh Men's Four,No Medal,0
47565,Alan Charles Henderson,M,36,185,96,New Zealand,NZL,2002 Winter,2002,Winter,Salt Lake City,Bobsleigh,Bobsleigh Men's Two,No Medal,0
47565,Alan Charles Henderson,M,36,185,96,New Zealand,NZL,2002 Winter,2002,Winter,Salt Lake City,Bobsleigh,Bobsleigh Men's Four,No Medal,0
47565,Alan Charles Henderson,M,40,185,96,New Zealand,NZL,2006 Winter,2006,Winter,Torino,Bobsleigh,Bobsleigh Men's Two,No Medal,0
48314,Sebastian Heufler,M,22,192,97,Austria,AUT,2014 Winter,2014,Winter,Sochi,Bobsleigh,Bobsleigh Men's Four,No Medal,0
48361,Christoph Heyder,M,31,194,107,Germany-2,GER,2006 Winter,2006,Winter,Torino,Bobsleigh,Bobsleigh Men's Four,No Medal,0
48695,Garrett Hines,M,32,183,95,United States-1,USA,2002 Winter,2002,Winter,Salt Lake City,Bobsleigh,Bobsleigh Men's Two,No Medal,0
48695,Garrett Hines,M,32,183,95,United States-1,USA,2002 Winter,2002,Winter,Salt Lake City,Bobsleigh,Bobsleigh Men's Four,Silver,1
49304,"Steven ""Steve"" Holcomb",M,25,178,104,United States-2,USA,2006 Winter,2006,Winter,Torino,Bobsleigh,Bobsleigh Men's Two,No Medal,0
49304,"Steven ""Steve"" Holcomb",M,25,178,104,United States-2,USA,2006 Winter,2006,Winter,Torino,Bobsleigh,Bobsleigh Men's Four,No Medal,0
49304,"Steven ""Steve"" Holcomb",M,29,178,104,United States-1,USA,2010 Winter,2010,Winter,Vancouver,Bobsleigh,Bobsleigh Men's Two,No Medal,0
49304,"Steven ""Steve"" Holcomb",M,29,178,104,United States-1,USA,2010 Winter,2010,Winter,Vancouver,Bobsleigh,Bobsleigh Men's Four,Gold,1
49304,"Steven ""Steve"" Holcomb",M,33,178,104,United States-1,USA,2014 Winter,2014,Winter,Sochi,Bobsleigh,Bobsleigh Men's Two,Bronze,1
49304,"Steven ""Steve"" Holcomb",M,33,178,104,United States-1,USA,2014 Winter,2014,Winter,Sochi,Bobsleigh,Bobsleigh Men's Four,Bronze,1
49845,Matthias Hpfner,M,30,183,95,Germany-2,GER,2006 Winter,2006,Winter,Torino,Bobsleigh,Bobsleigh Men's Two,No Medal,0
49868,Ren Hoppe,M,29,185,92,Germany-1,GER,2006 Winter,2006,Winter,Torino,Bobsleigh,Bobsleigh Men's Four,Gold,1
50171,Emmanuel Hostache,M,26,190,123,France,FRA,2002 Winter,2002,Winter,Salt Lake City,Bobsleigh,Bobsleigh Men's Two,No Medal,0
50692,Marko Hbenbecker,M,27,200,114,Germany-1,GER,2014 Winter,2014,Winter,Sochi,Bobsleigh,Bobsleigh Men's Four,No Medal,0
50708,Gnther Huber,M,36,177,89,Italy-1,ITA,2002 Winter,2002,Winter,Salt Lake City,Bobsleigh,Bobsleigh Men's Two,No Medal,0
51009,"Daniel ""Dan"" Humphries",M,26,193,108,Great Britain,GBR,2006 Winter,2006,Winter,Torino,Bobsleigh,Bobsleigh Men's Two,No Medal,0
51009,"Daniel ""Dan"" Humphries",M,26,193,108,Great Britain,GBR,2006 Winter,2006,Winter,Torino,Bobsleigh,Bobsleigh Men's Four,No Medal,0
51845,Aurel Mihai Iliescu,M,27,182,82,Romania-2,ROU,2006 Winter,2006,Winter,Torino,Bobsleigh,Bobsleigh Men's Two,No Medal,0
52182,Matheus Facho Inocncio,M,20,192,93,Brazil,BRA,2002 Winter,2002,Winter,Salt Lake City,Bobsleigh,Bobsleigh Men's Four,No Medal,0
52202,Masanori Inoue,M,29,186,90,Japan-1,JPN,2002 Winter,2002,Winter,Salt Lake City,Bobsleigh,Bobsleigh Men's Two,No Medal,0
52202,Masanori Inoue,M,29,186,90,Japan,JPN,2002 Winter,2002,Winter,Salt Lake City,Bobsleigh,Bobsleigh Men's Four,No Medal,0
52651,Nicolae Istrate,M,23,183,88,Romania-1,ROU,2006 Winter,2006,Winter,Torino,Bobsleigh,Bobsleigh Men's Two,No Medal,0
52651,Nicolae Istrate,M,23,183,88,Romania,ROU,2006 Winter,2006,Winter,Torino,Bobsleigh,Bobsleigh Men's Four,No Medal,0
52651,Nicolae Istrate,M,27,183,88,Romania,ROU,2010 Winter,2010,Winter,Vancouver,Bobsleigh,Bobsleigh Men's Two,No Medal,0
52651,Nicolae Istrate,M,27,183,88,Romania,ROU,2010 Winter,2010,Winter,Vancouver,Bobsleigh,Bobsleigh Men's Four,No Medal,0
52651,Nicolae Istrate,M,31,183,88,Romania,ROU,2014 Winter,2014,Winter,Sochi,Bobsleigh,Bobsleigh Men's Two,No Medal,0
52890,Oleksandr Ivanyshyn,M,27,182,98,Ukraine,UKR,2002 Winter,2002,Winter,Salt Lake City,Bobsleigh,Bobsleigh Men's Two,No Medal,0
52890,Oleksandr Ivanyshyn,M,27,182,98,Ukraine,UKR,2002 Winter,2002,Winter,Salt Lake City,Bobsleigh,Bobsleigh Men's Four,No Medal,0
53122,John James Jackson,M,32,183,100,Great Britain-1,GBR,2010 Winter,2010,Winter,Vancouver,Bobsleigh,Bobsleigh Men's Two,No Medal,0
53122,John James Jackson,M,32,183,100,Great Britain,GBR,2010 Winter,2010,Winter,Vancouver,Bobsleigh,Bobsleigh Men's Four,No Medal,0
53122,John James Jackson,M,36,183,100,Great Britain-1,GBR,2014 Winter,2014,Winter,Sochi,Bobsleigh,Bobsleigh Men's Four,No Medal,0
53319,Milan Jagnek,M,32,179,93,Slovakia,SVK,2002 Winter,2002,Winter,Salt Lake City,Bobsleigh,Bobsleigh Men's Two,No Medal,0
53319,Milan Jagnek,M,32,179,93,Slovakia,SVK,2002 Winter,2002,Winter,Salt Lake City,Bobsleigh,Bobsleigh Men's Four,No Medal,0
53319,Milan Jagnek,M,36,179,93,Slovakia-1,SVK,2006 Winter,2006,Winter,Torino,Bobsleigh,Bobsleigh Men's Two,No Medal,0
53319,Milan Jagnek,M,36,179,93,Slovakia,SVK,2006 Winter,2006,Winter,Torino,Bobsleigh,Bobsleigh Men's Four,No Medal,0
53319,Milan Jagnek,M,40,179,93,Slovakia,SVK,2010 Winter,2010,Winter,Vancouver,Bobsleigh,Bobsleigh Men's Two,No Medal,0
53319,Milan Jagnek,M,40,179,93,Slovakia,SVK,2010 Winter,2010,Winter,Vancouver,Bobsleigh,Bobsleigh Men's Four,No Medal,0
53319,Milan Jagnek,M,44,179,93,Slovakia,SVK,2014 Winter,2014,Winter,Sochi,Bobsleigh,Bobsleigh Men's Four,No Medal,0
53685,Dan Janjigian,M,29,190,85,Armenia,ARM,2002 Winter,2002,Winter,Salt Lake City,Bobsleigh,Bobsleigh Men's Two,No Medal,0
53787,Sybren Jansma,M,24,198,100,Netherlands,NED,2006 Winter,2006,Winter,Torino,Bobsleigh,Bobsleigh Men's Two,No Medal,0
53787,Sybren Jansma,M,24,198,100,Netherlands,NED,2006 Winter,2006,Winter,Torino,Bobsleigh,Bobsleigh Men's Four,No Medal,0
53787,Sybren Jansma,M,28,198,100,Netherlands,NED,2010 Winter,2010,Winter,Vancouver,Bobsleigh,Bobsleigh Men's Two,No Medal,0
53787,Sybren Jansma,M,32,198,100,Netherlands,NED,2014 Winter,2014,Winter,Sochi,Bobsleigh,Bobsleigh Men's Four,No Medal,0
54487,Jeon Jeong-Rin,M,25,184,100,South Korea-2,KOR,2014 Winter,2014,Winter,Sochi,Bobsleigh,Bobsleigh Men's Two,No Medal,0
54487,Jeon Jeong-Rin,M,25,184,100,South Korea-1,KOR,2014 Winter,2014,Winter,Sochi,Bobsleigh,Bobsleigh Men's Four,No Medal,0
55516,Karl George Johnston,M,26,184,90,Great Britain,GBR,2006 Winter,2006,Winter,Torino,Bobsleigh,Bobsleigh Men's Four,No Medal,0
55518,Lee Bernard Grant Johnston,M,29,175,101,Great Britain-1,GBR,2002 Winter,2002,Winter,Salt Lake City,Bobsleigh,Bobsleigh Men's Two,No Medal,0
55518,Lee Bernard Grant Johnston,M,29,175,101,Great Britain-2,GBR,2002 Winter,2002,Winter,Salt Lake City,Bobsleigh,Bobsleigh Men's Four,No Medal,0
55518,Lee Bernard Grant Johnston,M,33,175,101,Great Britain,GBR,2006 Winter,2006,Winter,Torino,Bobsleigh,Bobsleigh Men's Two,No Medal,0
55518,Lee Bernard Grant Johnston,M,33,175,101,Great Britain,GBR,2006 Winter,2006,Winter,Torino,Bobsleigh,Bobsleigh Men's Four,No Medal,0
55720,"Randal ""Randy"" Jones",M,32,180,89,United States-1,USA,2002 Winter,2002,Winter,Salt Lake City,Bobsleigh,Bobsleigh Men's Four,Silver,1
56047,Pavle Jovanovic,M,29,185,100,United States-1,USA,2006 Winter,2006,Winter,Torino,Bobsleigh,Bobsleigh Men's Two,No Medal,0
56047,Pavle Jovanovic,M,29,185,100,United States-1,USA,2006 Winter,2006,Winter,Torino,Bobsleigh,Bobsleigh Men's Four,No Medal,0
57029,John-Andrew Kambanis,M,29,175,81,Greece,GRE,2002 Winter,2002,Winter,Salt Lake City,Bobsleigh,Bobsleigh Men's Two,No Medal,0
57898,Micha Kasperowicz,M,27,180,92,Poland,POL,2014 Winter,2014,Winter,Sochi,Bobsleigh,Bobsleigh Men's Four,No Medal,0
57942,Aleksandr Vladimirovich Kasyanov,M,30,184,102,Russia-2,RUS,2014 Winter,2014,Winter,Sochi,Bobsleigh,Bobsleigh Men's Two,No Medal,0
57942,Aleksandr Vladimirovich Kasyanov,M,30,184,102,Russia-2,RUS,2014 Winter,2014,Winter,Sochi,Bobsleigh,Bobsleigh Men's Four,No Medal,0
59406,Nikolay Nikolayevich Khrenkov,M,29,185,95,Russia-3,RUS,2014 Winter,2014,Winter,Sochi,Bobsleigh,Bobsleigh Men's Four,No Medal,0
59509,Ilvir Ildarovich Khuzin,M,23,190,94,Russia-2,RUS,2014 Winter,2014,Winter,Sochi,Bobsleigh,Bobsleigh Men's Four,No Medal,0
59535,Oskars ibermanis,M,20,186,95,Latvia-2,LAT,2014 Winter,2014,Winter,Sochi,Bobsleigh,Bobsleigh Men's Two,No Medal,0
59535,Oskars ibermanis,M,20,186,95,Latvia-2,LAT,2014 Winter,2014,Winter,Sochi,Bobsleigh,Bobsleigh Men's Four,No Medal,0
59632,Paul Kiernan,M,27,177,95,Ireland,IRL,2002 Winter,2002,Winter,Salt Lake City,Bobsleigh,Bobsleigh Men's Two,No Medal,0
59844,Kim Dong-Hyeon,M,22,184,100,South Korea,KOR,2010 Winter,2010,Winter,Vancouver,Bobsleigh,Bobsleigh Men's Four,No Medal,0
59844,Kim Dong-Hyeon,M,26,184,100,South Korea-2,KOR,2014 Winter,2014,Winter,Sochi,Bobsleigh,Bobsleigh Men's Two,No Medal,0
59844,Kim Dong-Hyeon,M,26,184,100,South Korea-2,KOR,2014 Winter,2014,Winter,Sochi,Bobsleigh,Bobsleigh Men's Four,No Medal,0
59917,Kim Gyeong-Hyeon,M,19,179,98,South Korea-2,KOR,2014 Winter,2014,Winter,Sochi,Bobsleigh,Bobsleigh Men's Four,No Medal,0
60038,Kim Jeong-Su,M,28,170,75,South Korea,KOR,2010 Winter,2010,Winter,Vancouver,Bobsleigh,Bobsleigh Men's Four,No Medal,0
60244,Kim Sik,M,28,184,100,South Korea-2,KOR,2014 Winter,2014,Winter,Sochi,Bobsleigh,Bobsleigh Men's Four,No Medal,0
60690,Aleksey Ivanovich Kireyev,M,24,189,100,Russia-3,RUS,2010 Winter,2010,Winter,Vancouver,Bobsleigh,Bobsleigh Men's Four,No Medal,0
60969,Suguru Kiyokawa,M,27,180,86,Japan,JPN,2006 Winter,2006,Winter,Torino,Bobsleigh,Bobsleigh Men's Two,No Medal,0
61017,Arnoldus Franciscus Augustines Arno  Klaassen,M,26,188,90,Netherlands,NED,2006 Winter,2006,Winter,Torino,Bobsleigh,Bobsleigh Men's Four,No Medal,0
61017,Arnoldus Franciscus Augustines Arno  Klaassen,M,34,188,90,Netherlands,NED,2014 Winter,2014,Winter,Sochi,Bobsleigh,Bobsleigh Men's Four,No Medal,0
61300,Michael Klingler,M,27,184,90,Liechtenstein,LIE,2010 Winter,2010,Winter,Vancouver,Bobsleigh,Bobsleigh Men's Two,No Medal,0
61672,Ryuichi Kobayashi,M,29,183,100,Japan,JPN,2006 Winter,2006,Winter,Torino,Bobsleigh,Bobsleigh Men's Two,No Medal,0
61672,Ryuichi Kobayashi,M,33,183,100,Japan,JPN,2010 Winter,2010,Winter,Vancouver,Bobsleigh,Bobsleigh Men's Two,No Medal,0
61672,Ryuichi Kobayashi,M,33,183,100,Japan,JPN,2010 Winter,2010,Winter,Vancouver,Bobsleigh,Bobsleigh Men's Four,No Medal,0
61703,Jan Kobin,M,31,186,102,Czech Republic-1,CZE,2002 Winter,2002,Winter,Salt Lake City,Bobsleigh,Bobsleigh Men's Two,No Medal,0
61703,Jan Kobin,M,31,186,102,Czech Republic,CZE,2002 Winter,2002,Winter,Salt Lake City,Bobsleigh,Bobsleigh Men's Four,No Medal,0
61703,Jan Kobin,M,35,186,102,Czech Republic-2,CZE,2006 Winter,2006,Winter,Torino,Bobsleigh,Bobsleigh Men's Two,No Medal,0
61703,Jan Kobin,M,35,186,102,Czech Republic,CZE,2006 Winter,2006,Winter,Torino,Bobsleigh,Bobsleigh Men's Four,No Medal,0
61703,Jan Kobin,M,39,186,102,Czech Republic-1,CZE,2010 Winter,2010,Winter,Vancouver,Bobsleigh,Bobsleigh Men's Four,No Medal,0
61971,Gerhard Khler,M,27,193,94,Austria-2,AUT,2006 Winter,2006,Winter,Torino,Bobsleigh,Bobsleigh Men's Two,No Medal,0
62001,"Michael ""Mike"" Kohn",M,29,185,98,United States-2,USA,2002 Winter,2002,Winter,Salt Lake City,Bobsleigh,Bobsleigh Men's Four,Bronze,1
62001,"Michael ""Mike"" Kohn",M,37,185,98,United States-3,USA,2010 Winter,2010,Winter,Vancouver,Bobsleigh,Bobsleigh Men's Two,No Medal,0
62001,"Michael ""Mike"" Kohn",M,37,185,98,United States-3,USA,2010 Winter,2010,Winter,Vancouver,Bobsleigh,Bobsleigh Men's Four,No Medal,0
62295,ulijano Koludra,M,28,173,80,Croatia,CRO,2002 Winter,2002,Winter,Salt Lake City,Bobsleigh,Bobsleigh Men's Four,No Medal,0
62403,Peter Kondrt,M,33,185,93,Czech Republic,CZE,2002 Winter,2002,Winter,Salt Lake City,Bobsleigh,Bobsleigh Men's Four,No Medal,0
62909,Vincent Kortbeek,M,23,189,95,Netherlands,NED,2006 Winter,2006,Winter,Torino,Bobsleigh,Bobsleigh Men's Four,No Medal,0
63242,Ken Kotyk,M,25,183,88,Canada-1,CAN,2006 Winter,2006,Winter,Torino,Bobsleigh,Bobsleigh Men's Four,No Medal,0
63578,Luk Koienka,M,24,187,95,Slovakia,SVK,2014 Winter,2014,Winter,Sochi,Bobsleigh,Bobsleigh Men's Four,No Medal,0
63598,Ondej Kozlovsk,M,27,180,88,Czech Republic-2,CZE,2010 Winter,2010,Winter,Vancouver,Bobsleigh,Bobsleigh Men's Four,No Medal,0
63677,Slaven Krajai,M,25,183,91,Croatia,CRO,2006 Winter,2006,Winter,Torino,Bobsleigh,Bobsleigh Men's Four,No Medal,0
63677,Slaven Krajai,M,29,183,91,Croatia,CRO,2010 Winter,2010,Winter,Vancouver,Bobsleigh,Bobsleigh Men's Four,No Medal,0
63954,Brock Kreitzburg,M,29,183,98,United States-1,USA,2006 Winter,2006,Winter,Torino,Bobsleigh,Bobsleigh Men's Four,No Medal,0
63997,Rbert Kresanko,M,29,182,99,Slovakia,SVK,2002 Winter,2002,Winter,Salt Lake City,Bobsleigh,Bobsleigh Men's Two,No Medal,0
63997,Rbert Kresanko,M,29,182,99,Slovakia,SVK,2002 Winter,2002,Winter,Salt Lake City,Bobsleigh,Bobsleigh Men's Four,No Medal,0
63997,Rbert Kresanko,M,33,182,99,Slovakia,SVK,2006 Winter,2006,Winter,Torino,Bobsleigh,Bobsleigh Men's Four,No Medal,0
64058,Justin Kripps,M,23,183,100,Canada-2,CAN,2010 Winter,2010,Winter,Vancouver,Bobsleigh,Bobsleigh Men's Four,No Medal,0
64058,Justin Kripps,M,27,183,100,Canada-3,CAN,2014 Winter,2014,Winter,Sochi,Bobsleigh,Bobsleigh Men's Two,No Medal,0
64058,Justin Kripps,M,27,183,100,Canada-3,CAN,2014 Winter,2014,Winter,Sochi,Bobsleigh,Bobsleigh Men's Four,No Medal,0
64089,Arnfinn Kristiansen,M,30,181,92,Norway,NOR,2002 Winter,2002,Winter,Salt Lake City,Bobsleigh,Bobsleigh Men's Two,No Medal,0
64089,Arnfinn Kristiansen,M,30,181,92,Norway,NOR,2002 Winter,2002,Winter,Salt Lake City,Bobsleigh,Bobsleigh Men's Four,No Medal,0
64704,Enrico Khn,M,24,183,100,Germany-2,GER,2002 Winter,2002,Winter,Salt Lake City,Bobsleigh,Bobsleigh Men's Four,Gold,1
64704,Enrico Khn,M,28,183,100,Germany-2,GER,2006 Winter,2006,Winter,Torino,Bobsleigh,Bobsleigh Men's Four,No Medal,0
64720,Marc Khne,M,29,197,105,Germany-2,GER,2006 Winter,2006,Winter,Torino,Bobsleigh,Bobsleigh Men's Two,No Medal,0
65058,Dawid Andrzej Kupczyk,M,24,182,98,Poland,POL,2002 Winter,2002,Winter,Salt Lake City,Bobsleigh,Bobsleigh Men's Four,No Medal,0
65058,Dawid Andrzej Kupczyk,M,28,182,98,Poland,POL,2006 Winter,2006,Winter,Torino,Bobsleigh,Bobsleigh Men's Four,No Medal,0
65058,Dawid Andrzej Kupczyk,M,32,182,98,Poland,POL,2010 Winter,2010,Winter,Vancouver,Bobsleigh,Bobsleigh Men's Two,No Medal,0
65058,Dawid Andrzej Kupczyk,M,32,182,98,Poland,POL,2010 Winter,2010,Winter,Vancouver,Bobsleigh,Bobsleigh Men's Four,No Medal,0
65058,Dawid Andrzej Kupczyk,M,36,182,98,Poland,POL,2014 Winter,2014,Winter,Sochi,Bobsleigh,Bobsleigh Men's Two,No Medal,0
65058,Dawid Andrzej Kupczyk,M,36,182,98,Poland,POL,2014 Winter,2014,Winter,Sochi,Bobsleigh,Bobsleigh Men's Four,No Medal,0
65162,Toshiki Kuroiwa,M,20,172,78,Japan,JPN,2014 Winter,2014,Winter,Sochi,Bobsleigh,Bobsleigh Men's Four,No Medal,0
65198,Zsolt Istvn Krtsi,M,34,188,88,Hungary,HUN,2006 Winter,2006,Winter,Torino,Bobsleigh,Bobsleigh Men's Four,No Medal,0
65246,Kevin Kuske,M,23,196,116,Germany-2,GER,2002 Winter,2002,Winter,Salt Lake City,Bobsleigh,Bobsleigh Men's Four,Gold,1
65246,Kevin Kuske,M,27,196,116,Germany-1,GER,2006 Winter,2006,Winter,Torino,Bobsleigh,Bobsleigh Men's Two,Gold,1
65246,Kevin Kuske,M,27,196,116,Germany-1,GER,2006 Winter,2006,Winter,Torino,Bobsleigh,Bobsleigh Men's Four,Gold,1
65246,Kevin Kuske,M,31,196,116,Germany-1,GER,2010 Winter,2010,Winter,Vancouver,Bobsleigh,Bobsleigh Men's Two,Gold,1
65246,Kevin Kuske,M,31,196,116,Germany-1,GER,2010 Winter,2010,Winter,Vancouver,Bobsleigh,Bobsleigh Men's Four,Silver,1
65246,Kevin Kuske,M,35,196,116,Germany-2,GER,2014 Winter,2014,Winter,Sochi,Bobsleigh,Bobsleigh Men's Two,No Medal,0
65246,Kevin Kuske,M,35,196,116,Germany-3,GER,2014 Winter,2014,Winter,Sochi,Bobsleigh,Bobsleigh Men's Four,No Medal,0
65592,Cristian La Grassa,M,27,185,96,Italy-2,ITA,2002 Winter,2002,Winter,Salt Lake City,Bobsleigh,Bobsleigh Men's Two,No Medal,0
66238,Thomas Lamparter,M,27,183,98,Switzerland-1,SUI,2006 Winter,2006,Winter,Torino,Bobsleigh,Bobsleigh Men's Four,Bronze,1
66238,Thomas Lamparter,M,31,183,98,Switzerland,SUI,2010 Winter,2010,Winter,Vancouver,Bobsleigh,Bobsleigh Men's Four,No Medal,0
66238,Thomas Lamparter,M,35,183,98,Switzerland,SUI,2014 Winter,2014,Winter,Sochi,Bobsleigh,Bobsleigh Men's Four,No Medal,0
66421,Andr Lange,M,28,188,100,Germany-2,GER,2002 Winter,2002,Winter,Salt Lake City,Bobsleigh,Bobsleigh Men's Four,Gold,1
66421,Andr Lange,M,32,188,100,Germany-1,GER,2006 Winter,2006,Winter,Torino,Bobsleigh,Bobsleigh Men's Two,Gold,1
66421,Andr Lange,M,32,188,100,Germany-1,GER,2006 Winter,2006,Winter,Torino,Bobsleigh,Bobsleigh Men's Four,Gold,1
66421,Andr Lange,M,36,188,100,Germany-1,GER,2010 Winter,2010,Winter,Vancouver,Bobsleigh,Bobsleigh Men's Two,Gold,1
66421,Andr Lange,M,36,188,100,Germany-1,GER,2010 Winter,2010,Winter,Vancouver,Bobsleigh,Bobsleigh Men's Four,Silver,1
66446,Christoph Langen,M,39,188,98,Germany-1,GER,2002 Winter,2002,Winter,Salt Lake City,Bobsleigh,Bobsleigh Men's Two,Gold,1
66446,Christoph Langen,M,39,188,98,Germany-1,GER,2002 Winter,2002,Winter,Salt Lake City,Bobsleigh,Bobsleigh Men's Four,No Medal,0
66524,"Steven Daniel ""Steve"" Langton",M,26,188,105,United States-2,USA,2010 Winter,2010,Winter,Vancouver,Bobsleigh,Bobsleigh Men's Two,No Medal,0
66524,"Steven Daniel ""Steve"" Langton",M,26,188,105,United States-2,USA,2010 Winter,2010,Winter,Vancouver,Bobsleigh,Bobsleigh Men's Four,No Medal,0
66524,"Steven Daniel ""Steve"" Langton",M,30,188,105,United States-1,USA,2014 Winter,2014,Winter,Sochi,Bobsleigh,Bobsleigh Men's Two,Bronze,1
66524,"Steven Daniel ""Steve"" Langton",M,30,188,105,United States-1,USA,2014 Winter,2014,Winter,Sochi,Bobsleigh,Bobsleigh Men's Four,Bronze,1
66841,Steve Larsen,M,30,183,95,Canada-2,CAN,2006 Winter,2006,Winter,Torino,Bobsleigh,Bobsleigh Men's Four,No Medal,0
67018,Mariusz Latkowski,M,23,180,92,Poland,POL,2006 Winter,2006,Winter,Torino,Bobsleigh,Bobsleigh Men's Four,No Medal,0
67067,Roberto Lauderdale Navarro,M,20,NA,NA,Mexico,MEX,2002 Winter,2002,Winter,Salt Lake City,Bobsleigh,Bobsleigh Men's Two,No Medal,0
67485,Chris le Bihan,M,32,188,100,Canada-1,CAN,2010 Winter,2010,Winter,Vancouver,Bobsleigh,Bobsleigh Men's Four,Bronze,1
67493,ric Le Chanony,M,33,198,106,France-1,FRA,2002 Winter,2002,Winter,Salt Lake City,Bobsleigh,Bobsleigh Men's Four,No Medal,0
67642,"Kenneth P. L. ""Ken"" LeBlanc",M,33,183,96,Canada,CAN,2002 Winter,2002,Winter,Salt Lake City,Bobsleigh,Bobsleigh Men's Four,No Medal,0
68010,Lee Jin-Hui,M,25,180,88,South Korea,KOR,2010 Winter,2010,Winter,Vancouver,Bobsleigh,Bobsleigh Men's Four,No Medal,0
68285,Elly Lefort,M,26,187,100,France-1,FRA,2014 Winter,2014,Winter,Sochi,Bobsleigh,Bobsleigh Men's Four,No Medal,0
68464,Vairis Leiboms,M,22,185,94,Latvia-2,LAT,2014 Winter,2014,Winter,Sochi,Bobsleigh,Bobsleigh Men's Two,No Medal,0
68464,Vairis Leiboms,M,22,185,94,Latvia-2,LAT,2014 Winter,2014,Winter,Sochi,Bobsleigh,Bobsleigh Men's Four,No Medal,0
68558,Ioannis Leivaditis,M,28,NA,NA,Greece,GRE,2002 Winter,2002,Winter,Salt Lake City,Bobsleigh,Bobsleigh Men's Two,No Medal,0
69991,Lin Ruei-Ming,M,20,180,84,Chinese Taipei,TPE,2002 Winter,2002,Winter,Salt Lake City,Bobsleigh,Bobsleigh Men's Four,No Medal,0
70489,Ronny Listner,M,31,190,102,Germany-2,GER,2010 Winter,2010,Winter,Vancouver,Bobsleigh,Bobsleigh Men's Four,No Medal,0
70892,Jrgen Loacker,M,31,176,90,Austria-2,AUT,2006 Winter,2006,Winter,Torino,Bobsleigh,Bobsleigh Men's Two,No Medal,0
70892,Jrgen Loacker,M,31,176,90,Austria,AUT,2006 Winter,2006,Winter,Torino,Bobsleigh,Bobsleigh Men's Four,No Medal,0
70892,Jrgen Loacker,M,35,176,90,Austria-2,AUT,2010 Winter,2010,Winter,Vancouver,Bobsleigh,Bobsleigh Men's Two,No Medal,0
71484,Marcel Lopuchovsk,M,32,197,93,Slovakia,SVK,2010 Winter,2010,Winter,Vancouver,Bobsleigh,Bobsleigh Men's Four,No Medal,0
71768,Boris Lovri,M,26,185,96,Croatia,CRO,2002 Winter,2002,Winter,Salt Lake City,Bobsleigh,Bobsleigh Men's Four,No Medal,0
72115,Pierre Fritz Lueders,M,31,184,98,Canada-1,CAN,2002 Winter,2002,Winter,Salt Lake City,Bobsleigh,Bobsleigh Men's Two,No Medal,0
72115,Pierre Fritz Lueders,M,31,184,98,Canada,CAN,2002 Winter,2002,Winter,Salt Lake City,Bobsleigh,Bobsleigh Men's Four,No Medal,0
72115,Pierre Fritz Lueders,M,35,184,98,Canada-1,CAN,2006 Winter,2006,Winter,Torino,Bobsleigh,Bobsleigh Men's Two,Silver,1
72115,Pierre Fritz Lueders,M,35,184,98,Canada-1,CAN,2006 Winter,2006,Winter,Torino,Bobsleigh,Bobsleigh Men's Four,No Medal,0
72115,Pierre Fritz Lueders,M,39,184,98,Canada-2,CAN,2010 Winter,2010,Winter,Vancouver,Bobsleigh,Bobsleigh Men's Two,No Medal,0
72115,Pierre Fritz Lueders,M,39,184,98,Canada-2,CAN,2010 Winter,2010,Winter,Vancouver,Bobsleigh,Bobsleigh Men's Four,No Medal,0
72225,Jesse Lumsden,M,27,186,105,Canada-2,CAN,2010 Winter,2010,Winter,Vancouver,Bobsleigh,Bobsleigh Men's Two,No Medal,0
72225,Jesse Lumsden,M,27,186,105,Canada-2,CAN,2010 Winter,2010,Winter,Vancouver,Bobsleigh,Bobsleigh Men's Four,No Medal,0
72225,Jesse Lumsden,M,31,186,105,Canada-2,CAN,2014 Winter,2014,Winter,Sochi,Bobsleigh,Bobsleigh Men's Two,No Medal,0
72225,Jesse Lumsden,M,31,186,105,Canada-3,CAN,2014 Winter,2014,Winter,Sochi,Bobsleigh,Bobsleigh Men's Four,No Medal,0
72465,Helvijs Lsis,M,27,186,97,Latvia-2,LAT,2014 Winter,2014,Winter,Sochi,Bobsleigh,Bobsleigh Men's Four,No Medal,0
73638,Benjamin Maier,M,19,182,93,Austria,AUT,2014 Winter,2014,Winter,Sochi,Bobsleigh,Bobsleigh Men's Two,No Medal,0
73638,Benjamin Maier,M,19,182,93,Austria,AUT,2014 Winter,2014,Winter,Sochi,Bobsleigh,Bobsleigh Men's Four,No Medal,0
73802,Pyotr Anatolyevich Makarchuk,M,29,185,90,Russia-2,RUS,2002 Winter,2002,Winter,Salt Lake City,Bobsleigh,Bobsleigh Men's Two,No Medal,0
73802,Pyotr Anatolyevich Makarchuk,M,29,185,90,Russia-1,RUS,2002 Winter,2002,Winter,Salt Lake City,Bobsleigh,Bobsleigh Men's Four,No Medal,0
73802,Pyotr Anatolyevich Makarchuk,M,33,185,90,Russia-2,RUS,2006 Winter,2006,Winter,Torino,Bobsleigh,Bobsleigh Men's Four,No Medal,0
74030,Eric Leme Walther Maleson,M,34,182,88,Brazil,BRA,2002 Winter,2002,Winter,Salt Lake City,Bobsleigh,Bobsleigh Men's Four,No Medal,0
74481,Alexander Mann,M,29,190,107,Germany-3,GER,2010 Winter,2010,Winter,Vancouver,Bobsleigh,Bobsleigh Men's Four,No Medal,0
74969,Thorsten Margis,M,24,192,99,Germany-2,GER,2014 Winter,2014,Winter,Sochi,Bobsleigh,Bobsleigh Men's Four,No Medal,0
74971,Tams Margl,M,29,190,84,Hungary,HUN,2006 Winter,2006,Winter,Torino,Bobsleigh,Bobsleigh Men's Four,No Medal,0
75016,Igor Mari,M,27,190,90,Croatia,CRO,2010 Winter,2010,Winter,Vancouver,Bobsleigh,Bobsleigh Men's Four,No Medal,0
75888,Edson Ricardo Martins,M,24,187,88,Brazil,BRA,2014 Winter,2014,Winter,Sochi,Bobsleigh,Bobsleigh Men's Four,No Medal,0
76117,Edgars Maskalns,M,27,180,92,Latvia,LAT,2010 Winter,2010,Winter,Vancouver,Bobsleigh,Bobsleigh Men's Two,No Medal,0
76117,Edgars Maskalns,M,27,180,92,Latvia,LAT,2010 Winter,2010,Winter,Vancouver,Bobsleigh,Bobsleigh Men's Four,No Medal,0
76325,Lucas Mata,M,25,178,90,Australia,AUS,2014 Winter,2014,Winter,Sochi,Bobsleigh,Bobsleigh Men's Four,No Medal,0
76465,Slobodan Matijevi,M,21,184,88,Serbia,SRB,2010 Winter,2010,Winter,Vancouver,Bobsleigh,Bobsleigh Men's Four,No Medal,0
76665,Andrew Matthews,M,29,NA,NA,Great Britain-2,GBR,2014 Winter,2014,Winter,Sochi,Bobsleigh,Bobsleigh Men's Four,No Medal,0
76986,Jrgen Robert Mayer,M,33,183,108,Austria-1,AUT,2010 Winter,2010,Winter,Vancouver,Bobsleigh,Bobsleigh Men's Two,No Medal,0
76986,Jrgen Robert Mayer,M,33,183,108,Austria,AUT,2010 Winter,2010,Winter,Vancouver,Bobsleigh,Bobsleigh Men's Four,No Medal,0
77274,Dave Nathaniel McCalla,M,28,188,90,Great Britain-2,GBR,2002 Winter,2002,Winter,Salt Lake City,Bobsleigh,Bobsleigh Men's Four,No Medal,0
77708,Shane McKenzie,M,32,175,90,Australia,AUS,2006 Winter,2006,Winter,Torino,Bobsleigh,Bobsleigh Men's Two,No Medal,0
77906,James McNaughton,M,26,183,103,Canada-1,CAN,2014 Winter,2014,Winter,Sochi,Bobsleigh,Bobsleigh Men's Four,No Medal,0
77916,Andrew McNeilly,M,29,193,102,Trinidad and Tobago,TTO,2002 Winter,2002,Winter,Salt Lake City,Bobsleigh,Bobsleigh Men's Two,No Medal,0
78383,Oskars Melbrdis,M,25,189,95,Latvia-1,LAT,2014 Winter,2014,Winter,Sochi,Bobsleigh,Bobsleigh Men's Two,No Medal,0
78383,Oskars Melbrdis,M,25,189,95,Latvia-1,LAT,2014 Winter,2014,Winter,Sochi,Bobsleigh,Bobsleigh Men's Four,Silver,1
78748,Pierre-Alain Menneron,M,30,185,95,France,FRA,2006 Winter,2006,Winter,Torino,Bobsleigh,Bobsleigh Men's Four,No Medal,0
79034,"Steven Michael ""Steve"" Mesler",M,27,188,98,United States-1,USA,2006 Winter,2006,Winter,Torino,Bobsleigh,Bobsleigh Men's Four,No Medal,0
79034,"Steven Michael ""Steve"" Mesler",M,31,188,98,United States-1,USA,2010 Winter,2010,Winter,Vancouver,Bobsleigh,Bobsleigh Men's Four,Gold,1
79138,Alexander Metzger,M,32,181,93,Germany-2,GER,2006 Winter,2006,Winter,Torino,Bobsleigh,Bobsleigh Men's Four,No Medal,0
79286,Mate Mezuli,M,28,181,92,Croatia,CRO,2010 Winter,2010,Winter,Vancouver,Bobsleigh,Bobsleigh Men's Four,No Medal,0
80156,Bruno Mingeon,M,34,180,90,France,FRA,2002 Winter,2002,Winter,Salt Lake City,Bobsleigh,Bobsleigh Men's Two,No Medal,0
80156,Bruno Mingeon,M,34,180,90,France-1,FRA,2002 Winter,2002,Winter,Salt Lake City,Bobsleigh,Bobsleigh Men's Four,No Medal,0
80156,Bruno Mingeon,M,38,180,90,France,FRA,2006 Winter,2006,Winter,Torino,Bobsleigh,Bobsleigh Men's Two,No Medal,0
80156,Bruno Mingeon,M,38,180,90,France,FRA,2006 Winter,2006,Winter,Torino,Bobsleigh,Bobsleigh Men's Four,No Medal,0
80172,Jnis Miins,M,25,185,99,Latvia-1,LAT,2006 Winter,2006,Winter,Torino,Bobsleigh,Bobsleigh Men's Two,No Medal,0
80172,Jnis Miins,M,25,185,99,Latvia-1,LAT,2006 Winter,2006,Winter,Torino,Bobsleigh,Bobsleigh Men's Four,No Medal,0
80539,Shinji Miura,M,26,181,97,Japan-2,JPN,2002 Winter,2002,Winter,Salt Lake City,Bobsleigh,Bobsleigh Men's Two,No Medal,0
80539,Shinji Miura,M,26,181,97,Japan,JPN,2002 Winter,2002,Winter,Salt Lake City,Bobsleigh,Bobsleigh Men's Four,No Medal,0
80604,Masaru Miyauchi,M,25,185,102,Japan,JPN,2010 Winter,2010,Winter,Vancouver,Bobsleigh,Bobsleigh Men's Four,No Medal,0
80608,Hisashi Miyazaki,M,32,183,81,Japan,JPN,2014 Winter,2014,Winter,Sochi,Bobsleigh,Bobsleigh Men's Two,No Medal,0
80608,Hisashi Miyazaki,M,32,183,81,Japan,JPN,2014 Winter,2014,Winter,Sochi,Bobsleigh,Bobsleigh Men's Four,No Medal,0
81025,Denis Sergeyevich Moiseychenkov,M,23,182,80,Russia-3,RUS,2010 Winter,2010,Winter,Vancouver,Bobsleigh,Bobsleigh Men's Four,No Medal,0
81028,Pyotr Aleksandrovich Moiseyev,M,23,190,89,Russia-2,RUS,2010 Winter,2010,Winter,Vancouver,Bobsleigh,Bobsleigh Men's Four,No Medal,0
81028,Pyotr Aleksandrovich Moiseyev,M,27,190,89,Russia-3,RUS,2014 Winter,2014,Winter,Sochi,Bobsleigh,Bobsleigh Men's Four,No Medal,0
81067,Juraj Mokr,M,23,189,87,Slovakia,SVK,2014 Winter,2014,Winter,Sochi,Bobsleigh,Bobsleigh Men's Four,No Medal,0
81071,Maksim Vladimirovich Mokrousov,M,30,184,94,Russia-3,RUS,2014 Winter,2014,Winter,Sochi,Bobsleigh,Bobsleigh Men's Four,No Medal,0
81091,Dnu Moldovan,M,22,183,85,Romania,ROU,2014 Winter,2014,Winter,Sochi,Bobsleigh,Bobsleigh Men's Four,No Medal,0
81334,"Daniel James ""Dan"" Money",M,33,183,98,Great Britain-1,GBR,2010 Winter,2010,Winter,Vancouver,Bobsleigh,Bobsleigh Men's Two,No Medal,0
81334,"Daniel James ""Dan"" Money",M,33,183,98,Great Britain,GBR,2010 Winter,2010,Winter,Vancouver,Bobsleigh,Bobsleigh Men's Four,No Medal,0
81856,Giorgio Morbidelli,M,31,179,82,Italy-2,ITA,2006 Winter,2006,Winter,Torino,Bobsleigh,Bobsleigh Men's Four,No Medal,0
82088,Jamie Moriarty,M,28,188,102,United States-3,USA,2010 Winter,2010,Winter,Vancouver,Bobsleigh,Bobsleigh Men's Four,No Medal,0
82124,Yannick Morin,M,26,180,88,Canada-2,CAN,2002 Winter,2002,Winter,Salt Lake City,Bobsleigh,Bobsleigh Men's Two,No Medal,0
82800,Pawe Mrz,M,25,186,95,Poland,POL,2010 Winter,2010,Winter,Vancouver,Bobsleigh,Bobsleigh Men's Four,No Medal,0
82800,Pawe Mrz,M,29,186,95,Poland,POL,2014 Winter,2014,Winter,Sochi,Bobsleigh,Bobsleigh Men's Two,No Medal,0
82800,Pawe Mrz,M,29,186,95,Poland,POL,2014 Winter,2014,Winter,Sochi,Bobsleigh,Bobsleigh Men's Four,No Medal,0
83123,Michael Mller,M,25,187,102,Austria,AUT,2002 Winter,2002,Winter,Salt Lake City,Bobsleigh,Bobsleigh Men's Four,No Medal,0
83367,Paul Muntean,M,29,180,105,Romania,ROU,2014 Winter,2014,Winter,Sochi,Bobsleigh,Bobsleigh Men's Four,No Medal,0
83665,Mariusz Konrad Musial,M,24,180,88,Norway,NOR,2002 Winter,2002,Winter,Salt Lake City,Bobsleigh,Bobsleigh Men's Four,No Medal,0
84501,John Napier,M,23,190,100,United States-2,USA,2010 Winter,2010,Winter,Vancouver,Bobsleigh,Bobsleigh Men's Two,No Medal,0
84501,John Napier,M,23,190,100,United States-2,USA,2010 Winter,2010,Winter,Vancouver,Bobsleigh,Bobsleigh Men's Four,No Medal,0
84562,Petr Narovec,M,32,189,100,Slovakia,SVK,2010 Winter,2010,Winter,Vancouver,Bobsleigh,Bobsleigh Men's Two,No Medal,0
84562,Petr Narovec,M,32,189,100,Slovakia,SVK,2010 Winter,2010,Winter,Vancouver,Bobsleigh,Bobsleigh Men's Four,No Medal,0
84562,Petr Narovec,M,36,189,100,Slovakia,SVK,2014 Winter,2014,Winter,Sochi,Bobsleigh,Bobsleigh Men's Four,No Medal,0
84954,Andreas Neagu,M,28,181,92,Romania,ROU,2014 Winter,2014,Winter,Sochi,Bobsleigh,Bobsleigh Men's Four,No Medal,0
85076,Aleksey Aleksandrovich Negodaylo,M,24,189,98,Russia-1,RUS,2014 Winter,2014,Winter,Sochi,Bobsleigh,Bobsleigh Men's Four,Gold,1
85815,Gareth Nichols,M,30,185,102,Australia,AUS,2014 Winter,2014,Winter,Sochi,Bobsleigh,Bobsleigh Men's Four,No Medal,0
86138,Marcin Piotr Niewiara,M,28,191,95,Poland,POL,2010 Winter,2010,Winter,Vancouver,Bobsleigh,Bobsleigh Men's Two,No Medal,0
86138,Marcin Piotr Niewiara,M,28,191,95,Poland,POL,2010 Winter,2010,Winter,Vancouver,Bobsleigh,Bobsleigh Men's Four,No Medal,0
87449,Henry Odili Nwume,M,33,191,115,Great Britain,GBR,2010 Winter,2010,Winter,Vancouver,Bobsleigh,Bobsleigh Men's Four,No Medal,0
87605,O Je-Han,M,22,180,95,South Korea-2,KOR,2014 Winter,2014,Winter,Sochi,Bobsleigh,Bobsleigh Men's Four,No Medal,0
88263,Hiroaki Ohishi,M,31,182,107,Japan-2,JPN,2002 Winter,2002,Winter,Salt Lake City,Bobsleigh,Bobsleigh Men's Two,No Medal,0
88884,Justin Bradley Olsen,M,22,188,107,United States-1,USA,2010 Winter,2010,Winter,Vancouver,Bobsleigh,Bobsleigh Men's Four,Gold,1
88884,Justin Bradley Olsen,M,26,188,107,United States-2,USA,2014 Winter,2014,Winter,Sochi,Bobsleigh,Bobsleigh Men's Four,No Medal,0
89414,Roman Aleksandrovich Oreshnikov,M,23,187,97,Russia-2,RUS,2006 Winter,2006,Winter,Torino,Bobsleigh,Bobsleigh Men's Two,No Medal,0
89414,Roman Aleksandrovich Oreshnikov,M,27,187,97,Russia-1,RUS,2010 Winter,2010,Winter,Vancouver,Bobsleigh,Bobsleigh Men's Four,No Medal,0
89782,Alek Osmanovi,M,23,180,100,Croatia,CRO,2006 Winter,2006,Winter,Torino,Bobsleigh,Bobsleigh Men's Four,No Medal,0
89946,Bogdan Laureniu Otav,M,26,181,91,Romania,ROU,2014 Winter,2014,Winter,Sochi,Bobsleigh,Bobsleigh Men's Four,No Medal,0
90029,Luca Ottolino,M,27,180,83,Italy-2,ITA,2006 Winter,2006,Winter,Torino,Bobsleigh,Bobsleigh Men's Four,No Medal,0
90102,Charles Oula,M,29,175,95,Monaco,MON,2002 Winter,2002,Winter,Salt Lake City,Bobsleigh,Bobsleigh Men's Four,No Medal,0
90341,Jnis Ozols,M,29,183,88,Latvia-1,LAT,2002 Winter,2002,Winter,Salt Lake City,Bobsleigh,Bobsleigh Men's Four,No Medal,0
90341,Jnis Ozols,M,33,183,88,Latvia-1,LAT,2006 Winter,2006,Winter,Torino,Bobsleigh,Bobsleigh Men's Four,No Medal,0
90439,Daniel Iulian Pcioianu,M,31,189,90,Romania,ROU,2002 Winter,2002,Winter,Salt Lake City,Bobsleigh,Bobsleigh Men's Four,No Medal,0
90516,Cristiano Rogrio Pes,M,27,181,90,Brazil,BRA,2002 Winter,2002,Winter,Salt Lake City,Bobsleigh,Bobsleigh Men's Four,No Medal,0
90615,Andrea Pais de Libera,M,28,188,95,Italy,ITA,2002 Winter,2002,Winter,Salt Lake City,Bobsleigh,Bobsleigh Men's Four,No Medal,0
90793,Pter Pallai,M,39,176,92,Hungary,HUN,2002 Winter,2002,Winter,Salt Lake City,Bobsleigh,Bobsleigh Men's Four,No Medal,0
92283,Philippe Paviot,M,29,190,103,France-2,FRA,2002 Winter,2002,Winter,Salt Lake City,Bobsleigh,Bobsleigh Men's Four,No Medal,0
93750,Odirlei Carlos Pessoni,M,31,182,93,Brazil,BRA,2014 Winter,2014,Winter,Sochi,Bobsleigh,Bobsleigh Men's Four,No Medal,0
93794,Rico Peter,M,30,185,100,Switzerland-2,SUI,2014 Winter,2014,Winter,Sochi,Bobsleigh,Bobsleigh Men's Two,No Medal,0
95032,Bertalan Pintr,M,28,186,95,Hungary,HUN,2002 Winter,2002,Winter,Salt Lake City,Bobsleigh,Bobsleigh Men's Four,No Medal,0
95032,Bertalan Pintr,M,32,186,95,Hungary,HUN,2006 Winter,2006,Winter,Torino,Bobsleigh,Bobsleigh Men's Two,No Medal,0
95032,Bertalan Pintr,M,32,186,95,Hungary,HUN,2006 Winter,2006,Winter,Torino,Bobsleigh,Bobsleigh Men's Four,No Medal,0
95549,Marcin Pacheta,M,26,182,89,Poland,POL,2006 Winter,2006,Winter,Torino,Bobsleigh,Bobsleigh Men's Four,No Medal,0
95970,Oleh Polyvach,M,27,185,85,Ukraine,UKR,2002 Winter,2002,Winter,Salt Lake City,Bobsleigh,Bobsleigh Men's Four,No Medal,0
96118,Gabriel Popa,M,28,178,76,Romania,ROU,2006 Winter,2006,Winter,Torino,Bobsleigh,Bobsleigh Men's Four,No Medal,0
96190,Yevgeny Sergeyevich Popov,M,25,180,94,Russia-2,RUS,2002 Winter,2002,Winter,Salt Lake City,Bobsleigh,Bobsleigh Men's Two,No Medal,0
96190,Yevgeny Sergeyevich Popov,M,25,180,94,Russia-1,RUS,2002 Winter,2002,Winter,Salt Lake City,Bobsleigh,Bobsleigh Men's Four,No Medal,0
96190,Yevgeny Sergeyevich Popov,M,29,180,94,Russia-2,RUS,2006 Winter,2006,Winter,Torino,Bobsleigh,Bobsleigh Men's Two,No Medal,0
96190,Yevgeny Sergeyevich Popov,M,29,180,94,Russia-2,RUS,2006 Winter,2006,Winter,Torino,Bobsleigh,Bobsleigh Men's Four,No Medal,0
96190,Yevgeny Sergeyevich Popov,M,33,180,94,Russia-3,RUS,2010 Winter,2010,Winter,Vancouver,Bobsleigh,Bobsleigh Men's Four,No Medal,0
96371,Christian Poser,M,27,186,90,Germany-3,GER,2014 Winter,2014,Winter,Sochi,Bobsleigh,Bobsleigh Men's Four,No Medal,0
96965,Brao Prielon,M,33,175,92,Slovakia,SVK,2002 Winter,2002,Winter,Salt Lake City,Bobsleigh,Bobsleigh Men's Four,No Medal,0
97274,Sergey Aleksandrovich Prudnikov,M,24,189,105,Russia-2,RUS,2010 Winter,2010,Winter,Vancouver,Bobsleigh,Bobsleigh Men's Two,No Medal,0
97274,Sergey Aleksandrovich Prudnikov,M,24,189,105,Russia-1,RUS,2010 Winter,2010,Winter,Vancouver,Bobsleigh,Bobsleigh Men's Four,No Medal,0
97294,Sandis Prsis,M,36,186,96,Latvia-1,LAT,2002 Winter,2002,Winter,Salt Lake City,Bobsleigh,Bobsleigh Men's Two,No Medal,0
97294,Sandis Prsis,M,36,186,96,Latvia-1,LAT,2002 Winter,2002,Winter,Salt Lake City,Bobsleigh,Bobsleigh Men's Four,No Medal,0
97425,Duncan Michael Pugh,M,35,190,105,Australia-2,AUS,2010 Winter,2010,Winter,Vancouver,Bobsleigh,Bobsleigh Men's Two,No Medal,0
97621,Aleksey Sergeyevich Pushkaryov,M,27,182,90,Russia-2,RUS,2014 Winter,2014,Winter,Sochi,Bobsleigh,Bobsleigh Men's Four,No Medal,0
97625,Pavel Pukr,M,36,177,82,Czech Republic-1,CZE,2002 Winter,2002,Winter,Salt Lake City,Bobsleigh,Bobsleigh Men's Two,No Medal,0
97625,Pavel Pukr,M,36,177,82,Czech Republic,CZE,2002 Winter,2002,Winter,Salt Lake City,Bobsleigh,Bobsleigh Men's Four,No Medal,0
97671,Martin Putze,M,21,181,100,Germany-1,GER,2006 Winter,2006,Winter,Torino,Bobsleigh,Bobsleigh Men's Four,Gold,1
97671,Martin Putze,M,25,181,100,Germany-1,GER,2010 Winter,2010,Winter,Vancouver,Bobsleigh,Bobsleigh Men's Four,Silver,1
97671,Martin Putze,M,29,181,100,Germany-1,GER,2014 Winter,2014,Winter,Sochi,Bobsleigh,Bobsleigh Men's Four,No Medal,0
97916,Johnny Quinn,M,30,183,100,United States-2,USA,2014 Winter,2014,Winter,Sochi,Bobsleigh,Bobsleigh Men's Four,No Medal,0
98473,Viktor Rjek,M,20,191,99,Slovakia-1,SVK,2006 Winter,2006,Winter,Torino,Bobsleigh,Bobsleigh Men's Two,No Medal,0
98473,Viktor Rjek,M,20,191,99,Slovakia,SVK,2006 Winter,2006,Winter,Torino,Bobsleigh,Bobsleigh Men's Four,No Medal,0
98826,"Timothy ""Tim"" Randall",M,27,179,105,Canada-1,CAN,2014 Winter,2014,Winter,Sochi,Bobsleigh,Bobsleigh Men's Four,No Medal,0
98953,Ricardo Raschini,M,38,181,87,Brazil,BRA,2006 Winter,2006,Winter,Torino,Bobsleigh,Bobsleigh Men's Four,No Medal,0
99337,Boris Raenovi,M,45,183,98,Serbia and Montenegro,SCG,2002 Winter,2002,Winter,Salt Lake City,Bobsleigh,Bobsleigh Men's Four,No Medal,0
99339,Vuk Raenovi,M,18,192,105,Serbia and Montenegro,SCG,2002 Winter,2002,Winter,Salt Lake City,Bobsleigh,Bobsleigh Men's Four,No Medal,0
99339,Vuk Raenovi,M,26,192,105,Serbia,SRB,2010 Winter,2010,Winter,Vancouver,Bobsleigh,Bobsleigh Men's Four,No Medal,0
99339,Vuk Raenovi,M,30,192,105,Serbia,SRB,2014 Winter,2014,Winter,Sochi,Bobsleigh,Bobsleigh Men's Two,No Medal,0
99426,Radek echka,M,30,170,85,Czech Republic,CZE,2006 Winter,2006,Winter,Torino,Bobsleigh,Bobsleigh Men's Four,No Medal,0
99641,Christian Reich,M,34,178,93,Switzerland-1,SUI,2002 Winter,2002,Winter,Salt Lake City,Bobsleigh,Bobsleigh Men's Two,Silver,1
99641,Christian Reich,M,34,178,93,Switzerland-2,SUI,2002 Winter,2002,Winter,Salt Lake City,Bobsleigh,Bobsleigh Men's Four,No Medal,0
100415,Florent Ribet,M,24,183,96,France-1,FRA,2014 Winter,2014,Winter,Sochi,Bobsleigh,Bobsleigh Men's Four,No Medal,0
100427,Vincent Daniel Jean-Paul Ricard,M,28,189,95,France-2,FRA,2014 Winter,2014,Winter,Sochi,Bobsleigh,Bobsleigh Men's Four,No Medal,0
100657,Scott Frederick Rider,M,24,188,108,Great Britain-1,GBR,2002 Winter,2002,Winter,Salt Lake City,Bobsleigh,Bobsleigh Men's Four,No Medal,0
100925,Graeme Rinholm,M,28,176,91,Canada-3,CAN,2014 Winter,2014,Winter,Sochi,Bobsleigh,Bobsleigh Men's Four,No Medal,0
101087,Sergio Riva,M,26,180,90,Italy-2,ITA,2010 Winter,2010,Winter,Vancouver,Bobsleigh,Bobsleigh Men's Two,No Medal,0
101426,Dallas Robinson,M,31,193,104,United States-3,USA,2014 Winter,2014,Winter,Sochi,Bobsleigh,Bobsleigh Men's Two,No Medal,0
101426,Dallas Robinson,M,31,193,104,United States-2,USA,2014 Winter,2014,Winter,Sochi,Bobsleigh,Bobsleigh Men's Four,No Medal,0
101639,Alexander Rdiger,M,24,183,95,Germany-1,GER,2010 Winter,2010,Winter,Vancouver,Bobsleigh,Bobsleigh Men's Four,Silver,1
101639,Alexander Rdiger,M,28,183,95,Germany-3,GER,2014 Winter,2014,Winter,Sochi,Bobsleigh,Bobsleigh Men's Two,No Medal,0
101639,Alexander Rdiger,M,28,183,95,Germany-1,GER,2014 Winter,2014,Winter,Sochi,Bobsleigh,Bobsleigh Men's Four,No Medal,0
102171,Jeremy Rolleston,M,33,178,98,Australia,AUS,2006 Winter,2006,Winter,Torino,Bobsleigh,Bobsleigh Men's Two,No Medal,0
102171,Jeremy Rolleston,M,37,178,98,Australia-2,AUS,2010 Winter,2010,Winter,Vancouver,Bobsleigh,Bobsleigh Men's Two,No Medal,0
102234,Samuele Romanini,M,29,187,105,Italy-2,ITA,2006 Winter,2006,Winter,Torino,Bobsleigh,Bobsleigh Men's Two,No Medal,0
102234,Samuele Romanini,M,29,187,105,Italy-1,ITA,2006 Winter,2006,Winter,Torino,Bobsleigh,Bobsleigh Men's Four,No Medal,0
102234,Samuele Romanini,M,33,187,105,Italy-1,ITA,2010 Winter,2010,Winter,Vancouver,Bobsleigh,Bobsleigh Men's Two,No Medal,0
102234,Samuele Romanini,M,33,187,105,Italy,ITA,2010 Winter,2010,Winter,Vancouver,Bobsleigh,Bobsleigh Men's Four,No Medal,0
102234,Samuele Romanini,M,37,187,105,Italy,ITA,2014 Winter,2014,Winter,Sochi,Bobsleigh,Bobsleigh Men's Four,No Medal,0
102678,Andrew Angus Ross,M,33,185,96,New Zealand,NZL,2002 Winter,2002,Winter,Salt Lake City,Bobsleigh,Bobsleigh Men's Four,No Medal,0
102826,Massimiliano Rota,M,31,178,93,Italy,ITA,2002 Winter,2002,Winter,Salt Lake City,Bobsleigh,Bobsleigh Men's Four,No Medal,0
103093,Mris Rozentls,M,27,182,97,Latvia-2,LAT,2002 Winter,2002,Winter,Salt Lake City,Bobsleigh,Bobsleigh Men's Four,No Medal,0
103109,Reinis Roztis,M,23,181,86,Latvia-2,LAT,2006 Winter,2006,Winter,Torino,Bobsleigh,Bobsleigh Men's Four,No Medal,0
103149,Bjarne Ryland,M,31,178,102,Norway,NOR,2002 Winter,2002,Winter,Salt Lake City,Bobsleigh,Bobsleigh Men's Two,No Medal,0
103149,Bjarne Ryland,M,31,178,102,Norway,NOR,2002 Winter,2002,Winter,Salt Lake City,Bobsleigh,Bobsleigh Men's Four,No Medal,0
103320,Ivo Regg,M,34,184,99,Switzerland-2,SUI,2006 Winter,2006,Winter,Torino,Bobsleigh,Bobsleigh Men's Two,No Medal,0
103320,Ivo Regg,M,34,184,99,Switzerland-2,SUI,2006 Winter,2006,Winter,Torino,Bobsleigh,Bobsleigh Men's Four,No Medal,0
103320,Ivo Regg,M,38,184,99,Switzerland,SUI,2010 Winter,2010,Winter,Vancouver,Bobsleigh,Bobsleigh Men's Two,No Medal,0
103320,Ivo Regg,M,38,184,99,Switzerland,SUI,2010 Winter,2010,Winter,Vancouver,Bobsleigh,Bobsleigh Men's Four,No Medal,0
103455,Mrcis Rullis,M,23,187,98,Latvia-1,LAT,2002 Winter,2002,Winter,Salt Lake City,Bobsleigh,Bobsleigh Men's Two,No Medal,0
103455,Mrcis Rullis,M,23,187,98,Latvia-1,LAT,2002 Winter,2002,Winter,Salt Lake City,Bobsleigh,Bobsleigh Men's Four,No Medal,0
103455,Mrcis Rullis,M,27,187,98,Latvia-1,LAT,2006 Winter,2006,Winter,Torino,Bobsleigh,Bobsleigh Men's Four,No Medal,0
103559,Lyndon Rush,M,29,183,102,Canada-1,CAN,2010 Winter,2010,Winter,Vancouver,Bobsleigh,Bobsleigh Men's Two,No Medal,0
103559,Lyndon Rush,M,29,183,102,Canada-1,CAN,2010 Winter,2010,Winter,Vancouver,Bobsleigh,Bobsleigh Men's Four,Bronze,1
103559,Lyndon Rush,M,33,183,102,Canada-1,CAN,2014 Winter,2014,Winter,Sochi,Bobsleigh,Bobsleigh Men's Two,No Medal,0
103559,Lyndon Rush,M,33,183,102,Canada-2,CAN,2014 Winter,2014,Winter,Sochi,Bobsleigh,Bobsleigh Men's Four,No Medal,0
103765,Anthony Ryan,M,29,185,100,Australia-1,AUS,2010 Winter,2010,Winter,Vancouver,Bobsleigh,Bobsleigh Men's Two,No Medal,0
104092,Omar Sacco,M,29,168,79,Italy-1,ITA,2006 Winter,2006,Winter,Torino,Bobsleigh,Bobsleigh Men's Four,No Medal,0
104284,Franz Sagmeister,M,27,191,110,Germany-2,GER,2002 Winter,2002,Winter,Salt Lake City,Bobsleigh,Bobsleigh Men's Two,No Medal,0
104284,Franz Sagmeister,M,27,191,110,Germany-1,GER,2002 Winter,2002,Winter,Salt Lake City,Bobsleigh,Bobsleigh Men's Four,No Medal,0
105001,Markus Sammer,M,25,188,95,Austria,AUT,2014 Winter,2014,Winter,Sochi,Bobsleigh,Bobsleigh Men's Two,No Medal,0
105001,Markus Sammer,M,25,188,95,Austria,AUT,2014 Winter,2014,Winter,Sochi,Bobsleigh,Bobsleigh Men's Four,No Medal,0
105558,Danilo Santarsiero,M,30,181,84,Italy,ITA,2010 Winter,2010,Winter,Vancouver,Bobsleigh,Bobsleigh Men's Four,No Medal,0
105747,Igor arevi,M,25,193,94,Serbia,SRB,2010 Winter,2010,Winter,Vancouver,Bobsleigh,Bobsleigh Men's Four,No Medal,0
106033,Shintaro Sato,M,33,183,85,Japan,JPN,2014 Winter,2014,Winter,Sochi,Bobsleigh,Bobsleigh Men's Four,No Medal,0
106236,Milo Savi,M,22,182,85,Serbia,SRB,2010 Winter,2010,Winter,Vancouver,Bobsleigh,Bobsleigh Men's Four,No Medal,0
106276,"Michael ""Mike"" Savitch",M,28,183,89,United States Virgin Islands,ISV,2002 Winter,2002,Winter,Salt Lake City,Bobsleigh,Bobsleigh Men's Four,No Medal,0
106465,Neil Scarisbrick,M,31,185,104,Great Britain-2,GBR,2002 Winter,2002,Winter,Salt Lake City,Bobsleigh,Bobsleigh Men's Two,No Medal,0
106465,Neil Scarisbrick,M,31,185,104,Great Britain-1,GBR,2002 Winter,2002,Winter,Salt Lake City,Bobsleigh,Bobsleigh Men's Four,No Medal,0
106634,Silvio Schaufelberger,M,24,176,85,Switzerland-1,SUI,2002 Winter,2002,Winter,Salt Lake City,Bobsleigh,Bobsleigh Men's Four,No Medal,0
107606,Bill Schuffenhauer,M,28,183,100,United States-1,USA,2002 Winter,2002,Winter,Salt Lake City,Bobsleigh,Bobsleigh Men's Four,Silver,1
107606,Bill Schuffenhauer,M,32,183,100,United States-2,USA,2006 Winter,2006,Winter,Torino,Bobsleigh,Bobsleigh Men's Two,No Medal,0
107606,Bill Schuffenhauer,M,32,183,100,United States-2,USA,2006 Winter,2006,Winter,Torino,Bobsleigh,Bobsleigh Men's Four,No Medal,0
107606,Bill Schuffenhauer,M,36,183,100,United States-3,USA,2010 Winter,2010,Winter,Vancouver,Bobsleigh,Bobsleigh Men's Four,No Medal,0
107801,Martin Schtzenauer,M,39,179,87,Austria,AUT,2002 Winter,2002,Winter,Salt Lake City,Bobsleigh,Bobsleigh Men's Two,No Medal,0
107801,Martin Schtzenauer,M,39,179,87,Austria,AUT,2002 Winter,2002,Winter,Salt Lake City,Bobsleigh,Bobsleigh Men's Four,No Medal,0
108210,Klaus Seelos,M,32,178,92,Austria,AUT,2002 Winter,2002,Winter,Salt Lake City,Bobsleigh,Bobsleigh Men's Four,No Medal,0
108210,Klaus Seelos,M,36,178,92,Austria-1,AUT,2006 Winter,2006,Winter,Torino,Bobsleigh,Bobsleigh Men's Two,No Medal,0
108210,Klaus Seelos,M,36,178,92,Austria,AUT,2006 Winter,2006,Winter,Torino,Bobsleigh,Bobsleigh Men's Four,No Medal,0
108465,Aleksey Nikolayevich Seliverstov,M,25,182,94,Russia-2,RUS,2002 Winter,2002,Winter,Salt Lake City,Bobsleigh,Bobsleigh Men's Four,No Medal,0
108465,Aleksey Nikolayevich Seliverstov,M,29,182,94,Russia-1,RUS,2006 Winter,2006,Winter,Torino,Bobsleigh,Bobsleigh Men's Four,Silver,1
108714,Seo Young-Woo,M,22,180,97,South Korea-1,KOR,2014 Winter,2014,Winter,Sochi,Bobsleigh,Bobsleigh Men's Two,No Medal,0
108714,Seo Young-Woo,M,22,180,97,South Korea-1,KOR,2014 Winter,2014,Winter,Sochi,Bobsleigh,Bobsleigh Men's Four,No Medal,0
108721,Seok Yeong-Jin,M,23,176,98,South Korea-1,KOR,2014 Winter,2014,Winter,Sochi,Bobsleigh,Bobsleigh Men's Four,No Medal,0
108912,Patrice Servelle,M,27,183,90,Monaco,MON,2002 Winter,2002,Winter,Salt Lake City,Bobsleigh,Bobsleigh Men's Two,No Medal,0
108912,Patrice Servelle,M,27,183,90,Monaco,MON,2002 Winter,2002,Winter,Salt Lake City,Bobsleigh,Bobsleigh Men's Four,No Medal,0
108912,Patrice Servelle,M,31,183,90,Monaco,MON,2006 Winter,2006,Winter,Torino,Bobsleigh,Bobsleigh Men's Two,No Medal,0
108912,Patrice Servelle,M,35,183,90,Monaco,MON,2010 Winter,2010,Winter,Vancouver,Bobsleigh,Bobsleigh Men's Two,No Medal,0
108912,Patrice Servelle,M,39,183,90,Monaco,MON,2014 Winter,2014,Winter,Sochi,Bobsleigh,Bobsleigh Men's Two,No Medal,0
109315,Doug Sharp,M,32,178,93,United States-2,USA,2002 Winter,2002,Winter,Salt Lake City,Bobsleigh,Bobsleigh Men's Four,Bronze,1
109774,Brian Lee Shimer,M,39,180,86,United States-2,USA,2002 Winter,2002,Winter,Salt Lake City,Bobsleigh,Bobsleigh Men's Two,No Medal,0
109774,Brian Lee Shimer,M,39,180,86,United States-2,USA,2002 Winter,2002,Winter,Salt Lake City,Bobsleigh,Bobsleigh Men's Four,Bronze,1
110299,Krzysztof Sieko,M,25,184,90,Poland,POL,2002 Winter,2002,Winter,Salt Lake City,Bobsleigh,Bobsleigh Men's Four,No Medal,0
110425,Jnis Silarjs,M,25,191,103,Latvia-1,LAT,2002 Winter,2002,Winter,Salt Lake City,Bobsleigh,Bobsleigh Men's Four,No Medal,0
110538,Mrcio da Costa Silva,M,25,181,95,Brazil,BRA,2006 Winter,2006,Winter,Torino,Bobsleigh,Bobsleigh Men's Four,No Medal,0
110843,"Benjamin Stuart ""Ben"" Simons",M,27,186,90,Great Britain-2,GBR,2014 Winter,2014,Winter,Sochi,Bobsleigh,Bobsleigh Men's Four,No Medal,0
112445,"Lorenzo Smith, III",M,27,178,89,United States-2,USA,2006 Winter,2006,Winter,Torino,Bobsleigh,Bobsleigh Men's Four,No Medal,0
112825,John Sokolowski,M,26,185,100,Canada-2,CAN,2002 Winter,2002,Winter,Salt Lake City,Bobsleigh,Bobsleigh Men's Two,No Medal,0
112843,Ivan ola,M,40,190,92,Croatia,CRO,2002 Winter,2002,Winter,Salt Lake City,Bobsleigh,Bobsleigh Men's Four,No Medal,0
112843,Ivan ola,M,44,190,92,Croatia,CRO,2006 Winter,2006,Winter,Torino,Bobsleigh,Bobsleigh Men's Four,No Medal,0
112843,Ivan ola,M,48,190,92,Croatia,CRO,2010 Winter,2010,Winter,Vancouver,Bobsleigh,Bobsleigh Men's Four,No Medal,0
113063,Angel Somov,M,23,190,98,Austria,AUT,2014 Winter,2014,Winter,Sochi,Bobsleigh,Bobsleigh Men's Four,No Medal,0
113230,Cody Sorensen,M,27,183,96,Canada-3,CAN,2014 Winter,2014,Winter,Sochi,Bobsleigh,Bobsleigh Men's Four,No Medal,0
113748,Heath Spence,M,33,180,102,Australia,AUS,2014 Winter,2014,Winter,Sochi,Bobsleigh,Bobsleigh Men's Two,No Medal,0
113748,Heath Spence,M,33,180,102,Australia,AUS,2014 Winter,2014,Winter,Sochi,Bobsleigh,Bobsleigh Men's Four,No Medal,0
113840,Ren Spies,M,28,185,95,Germany-2,GER,2002 Winter,2002,Winter,Salt Lake City,Bobsleigh,Bobsleigh Men's Two,No Medal,0
113840,Ren Spies,M,32,185,95,Germany-2,GER,2006 Winter,2006,Winter,Torino,Bobsleigh,Bobsleigh Men's Four,No Medal,0
113973,"Christopher ""Chris"" Spring",M,25,181,101,Australia-1,AUS,2010 Winter,2010,Winter,Vancouver,Bobsleigh,Bobsleigh Men's Two,No Medal,0
113973,"Christopher ""Chris"" Spring",M,29,181,101,Canada-2,CAN,2014 Winter,2014,Winter,Sochi,Bobsleigh,Bobsleigh Men's Two,No Medal,0
113973,"Christopher ""Chris"" Spring",M,29,181,101,Canada-1,CAN,2014 Winter,2014,Winter,Sochi,Bobsleigh,Bobsleigh Men's Four,No Medal,0
114265,Wolfgang Stampfer,M,29,191,98,Austria,AUT,2002 Winter,2002,Winter,Salt Lake City,Bobsleigh,Bobsleigh Men's Two,No Medal,0
114265,Wolfgang Stampfer,M,29,191,98,Austria,AUT,2002 Winter,2002,Winter,Salt Lake City,Bobsleigh,Bobsleigh Men's Four,No Medal,0
114265,Wolfgang Stampfer,M,33,191,98,Austria-1,AUT,2006 Winter,2006,Winter,Torino,Bobsleigh,Bobsleigh Men's Two,No Medal,0
114265,Wolfgang Stampfer,M,33,191,98,Austria,AUT,2006 Winter,2006,Winter,Torino,Bobsleigh,Bobsleigh Men's Four,No Medal,0
114265,Wolfgang Stampfer,M,37,191,98,Austria-1,AUT,2010 Winter,2010,Winter,Vancouver,Bobsleigh,Bobsleigh Men's Two,No Medal,0
114265,Wolfgang Stampfer,M,37,191,98,Austria,AUT,2010 Winter,2010,Winter,Vancouver,Bobsleigh,Bobsleigh Men's Four,No Medal,0
114590,"Daniel ""Dan"" Steele",M,32,188,100,United States-2,USA,2002 Winter,2002,Winter,Salt Lake City,Bobsleigh,Bobsleigh Men's Four,Bronze,1
114591,Darrin Steele,M,32,188,102,United States-2,USA,2002 Winter,2002,Winter,Salt Lake City,Bobsleigh,Bobsleigh Men's Two,No Medal,0
115412,Jan Stoklska,M,27,190,92,Czech Republic,CZE,2010 Winter,2010,Winter,Vancouver,Bobsleigh,Bobsleigh Men's Two,No Medal,0
115412,Jan Stoklska,M,27,190,92,Czech Republic-1,CZE,2010 Winter,2010,Winter,Vancouver,Bobsleigh,Bobsleigh Men's Four,No Medal,0
115749,Oleksandr Oleksandrovych Streltsov,M,26,187,93,Ukraine,UKR,2002 Winter,2002,Winter,Salt Lake City,Bobsleigh,Bobsleigh Men's Two,No Medal,0
115753,Jnis Strenga,M,28,183,92,Latvia-1,LAT,2014 Winter,2014,Winter,Sochi,Bobsleigh,Bobsleigh Men's Four,Silver,1
115912,Ole Christian Strmberg,M,29,189,94,Norway,NOR,2002 Winter,2002,Winter,Salt Lake City,Bobsleigh,Bobsleigh Men's Four,No Medal,0
115970,Milan Studnika,M,24,186,100,Czech Republic,CZE,2002 Winter,2002,Winter,Salt Lake City,Bobsleigh,Bobsleigh Men's Four,No Medal,0
116049,Dmitry Fyodorovich Styopushkin,M,26,185,96,Russia-1,RUS,2002 Winter,2002,Winter,Salt Lake City,Bobsleigh,Bobsleigh Men's Two,No Medal,0
116049,Dmitry Fyodorovich Styopushkin,M,26,185,96,Russia-1,RUS,2002 Winter,2002,Winter,Salt Lake City,Bobsleigh,Bobsleigh Men's Four,No Medal,0
116049,Dmitry Fyodorovich Styopushkin,M,30,185,96,Russia-2,RUS,2006 Winter,2006,Winter,Torino,Bobsleigh,Bobsleigh Men's Four,No Medal,0
116049,Dmitry Fyodorovich Styopushkin,M,34,185,96,Russia-1,RUS,2010 Winter,2010,Winter,Vancouver,Bobsleigh,Bobsleigh Men's Four,No Medal,0
116154,Dominik Such,M,22,185,98,Czech Republic-1,CZE,2010 Winter,2010,Winter,Vancouver,Bobsleigh,Bobsleigh Men's Four,No Medal,0
116154,Dominik Such,M,26,185,98,Czech Republic,CZE,2014 Winter,2014,Winter,Sochi,Bobsleigh,Bobsleigh Men's Four,No Medal,0
116183,Keith Sudziarski,M,28,178,84,United States Virgin Islands,ISV,2002 Winter,2002,Winter,Salt Lake City,Bobsleigh,Bobsleigh Men's Four,No Medal,0
116460,Gregory Sun,M,39,183,86,Trinidad and Tobago,TTO,2002 Winter,2002,Winter,Salt Lake City,Bobsleigh,Bobsleigh Men's Two,No Medal,0
116813,Hiroshi Suzuki,M,28,173,81,Japan-1,JPN,2002 Winter,2002,Winter,Salt Lake City,Bobsleigh,Bobsleigh Men's Two,No Medal,0
116813,Hiroshi Suzuki,M,28,173,81,Japan,JPN,2002 Winter,2002,Winter,Salt Lake City,Bobsleigh,Bobsleigh Men's Four,No Medal,0
116813,Hiroshi Suzuki,M,36,173,81,Japan,JPN,2010 Winter,2010,Winter,Vancouver,Bobsleigh,Bobsleigh Men's Two,No Medal,0
116813,Hiroshi Suzuki,M,36,173,81,Japan,JPN,2010 Winter,2010,Winter,Vancouver,Bobsleigh,Bobsleigh Men's Four,No Medal,0
116813,Hiroshi Suzuki,M,40,173,81,Japan,JPN,2014 Winter,2014,Winter,Sochi,Bobsleigh,Bobsleigh Men's Two,No Medal,0
116813,Hiroshi Suzuki,M,40,173,81,Japan,JPN,2014 Winter,2014,Winter,Sochi,Bobsleigh,Bobsleigh Men's Four,No Medal,0
118207,Roberto Alejandro Tams Perea,M,37,175,95,Mexico,MEX,2002 Winter,2002,Winter,Salt Lake City,Bobsleigh,Bobsleigh Men's Two,No Medal,0
118659,Antonio Tartaglia,M,34,188,103,Italy-1,ITA,2002 Winter,2002,Winter,Salt Lake City,Bobsleigh,Bobsleigh Men's Two,No Medal,0
118691,Bruce Jarrod Tasker,M,26,193,95,Great Britain-1,GBR,2014 Winter,2014,Winter,Sochi,Bobsleigh,Bobsleigh Men's Four,No Medal,0
119373,Martin Teovi,M,35,182,97.5,Slovakia,SVK,2010 Winter,2010,Winter,Vancouver,Bobsleigh,Bobsleigh Men's Four,No Medal,0
119771,Bruno Thomas,M,32,181,88,France-2,FRA,2002 Winter,2002,Winter,Salt Lake City,Bobsleigh,Bobsleigh Men's Four,No Medal,0
120892,"Curtis ""Curt"" Tomasevicz",M,25,185,100,United States-2,USA,2006 Winter,2006,Winter,Torino,Bobsleigh,Bobsleigh Men's Four,No Medal,0
120892,"Curtis ""Curt"" Tomasevicz",M,29,185,100,United States-1,USA,2010 Winter,2010,Winter,Vancouver,Bobsleigh,Bobsleigh Men's Two,No Medal,0
120892,"Curtis ""Curt"" Tomasevicz",M,29,185,100,United States-1,USA,2010 Winter,2010,Winter,Vancouver,Bobsleigh,Bobsleigh Men's Four,Gold,1
120892,"Curtis ""Curt"" Tomasevicz",M,33,185,100,United States-1,USA,2014 Winter,2014,Winter,Sochi,Bobsleigh,Bobsleigh Men's Four,Bronze,1
121135,Matteo Torchio,M,22,183,79,Italy-1,ITA,2006 Winter,2006,Winter,Torino,Bobsleigh,Bobsleigh Men's Two,No Medal,0
121135,Matteo Torchio,M,22,183,79,Italy-1,ITA,2006 Winter,2006,Winter,Torino,Bobsleigh,Bobsleigh Men's Four,No Medal,0
121360,Fabrizio Tosini,M,32,182,99,Italy-2,ITA,2002 Winter,2002,Winter,Salt Lake City,Bobsleigh,Bobsleigh Men's Two,No Medal,0
121360,Fabrizio Tosini,M,32,182,99,Italy,ITA,2002 Winter,2002,Winter,Salt Lake City,Bobsleigh,Bobsleigh Men's Four,No Medal,0
121360,Fabrizio Tosini,M,36,182,99,Italy-2,ITA,2006 Winter,2006,Winter,Torino,Bobsleigh,Bobsleigh Men's Two,No Medal,0
121360,Fabrizio Tosini,M,36,182,99,Italy-2,ITA,2006 Winter,2006,Winter,Torino,Bobsleigh,Bobsleigh Men's Four,No Medal,0
121360,Fabrizio Tosini,M,40,182,99,Italy-2,ITA,2010 Winter,2010,Winter,Vancouver,Bobsleigh,Bobsleigh Men's Two,No Medal,0
122124,Dmitry Vyacheslavovich Trunenkov,M,25,188,100,Russia-2,RUS,2010 Winter,2010,Winter,Vancouver,Bobsleigh,Bobsleigh Men's Four,No Medal,0
122124,Dmitry Vyacheslavovich Trunenkov,M,29,188,100,Russia-1,RUS,2014 Winter,2014,Winter,Sochi,Bobsleigh,Bobsleigh Men's Four,Gold,1
122585,Pvels Tulubjevs,M,24,188,100,Latvia,LAT,2010 Winter,2010,Winter,Vancouver,Bobsleigh,Bobsleigh Men's Four,No Medal,0
122821,Mirko Turri,M,28,175,84,Italy,ITA,2010 Winter,2010,Winter,Vancouver,Bobsleigh,Bobsleigh Men's Four,No Medal,0
123713,Michal Vacek,M,26,190,96,Czech Republic,CZE,2014 Winter,2014,Winter,Sochi,Bobsleigh,Bobsleigh Men's Two,No Medal,0
123713,Michal Vacek,M,26,190,96,Czech Republic,CZE,2014 Winter,2014,Winter,Sochi,Bobsleigh,Bobsleigh Men's Four,No Medal,0
124222,"Oltman Jan ""Arnold"" van Calker",M,25,191,94,Netherlands,NED,2002 Winter,2002,Winter,Salt Lake City,Bobsleigh,Bobsleigh Men's Four,No Medal,0
124223,"Henderik Jan-Willem ""Edwin"" van Calker",M,30,188,100,Netherlands,NED,2010 Winter,2010,Winter,Vancouver,Bobsleigh,Bobsleigh Men's Two,No Medal,0
124223,"Henderik Jan-Willem ""Edwin"" van Calker",M,34,188,100,Netherlands,NED,2014 Winter,2014,Winter,Sochi,Bobsleigh,Bobsleigh Men's Two,No Medal,0
124223,"Henderik Jan-Willem ""Edwin"" van Calker",M,34,188,100,Netherlands,NED,2014 Winter,2014,Winter,Sochi,Bobsleigh,Bobsleigh Men's Four,No Medal,0
124508,Bror van der Zijde,M,24,189,110,Netherlands,NED,2014 Winter,2014,Winter,Sochi,Bobsleigh,Bobsleigh Men's Two,No Medal,0
124508,Bror van der Zijde,M,24,189,110,Netherlands,NED,2014 Winter,2014,Winter,Sochi,Bobsleigh,Bobsleigh Men's Four,No Medal,0
125082,Marin Vanderka,M,29,190,85,Slovakia,SVK,2002 Winter,2002,Winter,Salt Lake City,Bobsleigh,Bobsleigh Men's Four,No Medal,0
125139,Alexandre Vanhoutte,M,31,180,93,France,FRA,2006 Winter,2006,Winter,Torino,Bobsleigh,Bobsleigh Men's Four,No Medal,0
125413,Stefan Vasilev,M,33,177,95,Bulgaria,BUL,2002 Winter,2002,Winter,Salt Lake City,Bobsleigh,Bobsleigh Men's Two,No Medal,0
126192,Milo Vesel,M,33,180,95,Czech Republic-2,CZE,2006 Winter,2006,Winter,Torino,Bobsleigh,Bobsleigh Men's Two,No Medal,0
126192,Milo Vesel,M,37,180,95,Czech Republic-2,CZE,2010 Winter,2010,Winter,Vancouver,Bobsleigh,Bobsleigh Men's Four,No Medal,0
126577,Arvis Vilkaste,M,24,183,97,Latvia-1,LAT,2014 Winter,2014,Winter,Sochi,Bobsleigh,Bobsleigh Men's Four,Silver,1
127130,Dejan Vojnovi,M,30,182,83,Croatia,CRO,2006 Winter,2006,Winter,Torino,Bobsleigh,Bobsleigh Men's Four,No Medal,0
127579,Aleksey Ivanovich Voyevoda,M,25,195,105,Russia-1,RUS,2006 Winter,2006,Winter,Torino,Bobsleigh,Bobsleigh Men's Two,No Medal,0
127579,Aleksey Ivanovich Voyevoda,M,25,195,105,Russia-1,RUS,2006 Winter,2006,Winter,Torino,Bobsleigh,Bobsleigh Men's Four,Silver,1
127579,Aleksey Ivanovich Voyevoda,M,29,195,105,Russia-1,RUS,2010 Winter,2010,Winter,Vancouver,Bobsleigh,Bobsleigh Men's Two,Bronze,1
127579,Aleksey Ivanovich Voyevoda,M,33,195,105,Russia-1,RUS,2014 Winter,2014,Winter,Sochi,Bobsleigh,Bobsleigh Men's Two,Gold,1
127579,Aleksey Ivanovich Voyevoda,M,33,195,105,Russia-1,RUS,2014 Winter,2014,Winter,Sochi,Bobsleigh,Bobsleigh Men's Four,Gold,1
127613,Jan Vrba,M,28,186,90,Czech Republic-2,CZE,2010 Winter,2010,Winter,Vancouver,Bobsleigh,Bobsleigh Men's Four,No Medal,0
127613,Jan Vrba,M,32,186,90,Czech Republic,CZE,2014 Winter,2014,Winter,Sochi,Bobsleigh,Bobsleigh Men's Two,No Medal,0
127613,Jan Vrba,M,32,186,90,Czech Republic,CZE,2014 Winter,2014,Winter,Sochi,Bobsleigh,Bobsleigh Men's Four,No Medal,0
127670,Rao Vucini,M,19,180,86,Serbia and Montenegro,SCG,2002 Winter,2002,Winter,Salt Lake City,Bobsleigh,Bobsleigh Men's Four,No Medal,0
128712,Dean Martin Ward,M,38,173,87,Great Britain-1,GBR,2002 Winter,2002,Winter,Salt Lake City,Bobsleigh,Bobsleigh Men's Four,No Medal,0
129024,Winston Alexander Watts,M,34,182,107,Jamaica,JAM,2002 Winter,2002,Winter,Salt Lake City,Bobsleigh,Bobsleigh Men's Two,No Medal,0
129024,Winston Alexander Watts,M,46,182,107,Jamaica,JAM,2014 Winter,2014,Winter,Sochi,Bobsleigh,Bobsleigh Men's Two,No Medal,0
129572,Marcel Arnold Welten,M,32,190,99,Netherlands,NED,2002 Winter,2002,Winter,Salt Lake City,Bobsleigh,Bobsleigh Men's Two,No Medal,0
129572,Marcel Arnold Welten,M,32,190,99,Netherlands,NED,2002 Winter,2002,Winter,Salt Lake City,Bobsleigh,Bobsleigh Men's Four,No Medal,0
129583,Hans-Peter Welz,M,30,184,85,Austria,AUT,2006 Winter,2006,Winter,Torino,Bobsleigh,Bobsleigh Men's Four,No Medal,0
129945,Quinn Wheeler,M,27,183,100,United States Virgin Islands,ISV,2002 Winter,2002,Winter,Salt Lake City,Bobsleigh,Bobsleigh Men's Two,No Medal,0
131075,Johannes Wipplinger,M,31,188,109,Austria,AUT,2010 Winter,2010,Winter,Vancouver,Bobsleigh,Bobsleigh Men's Four,No Medal,0
131137,Stefan Withalm,M,30,181,100,Austria,AUT,2014 Winter,2014,Winter,Sochi,Bobsleigh,Bobsleigh Men's Four,No Medal,0
131407,Won Yun-Jong,M,28,182,107,South Korea-1,KOR,2014 Winter,2014,Winter,Sochi,Bobsleigh,Bobsleigh Men's Two,No Medal,0
131407,Won Yun-Jong,M,28,182,107,South Korea-1,KOR,2014 Winter,2014,Winter,Sochi,Bobsleigh,Bobsleigh Men's Four,No Medal,0
131714,Martin Wright,M,31,180,101,Great Britain,GBR,2006 Winter,2006,Winter,Torino,Bobsleigh,Bobsleigh Men's Four,No Medal,0
131719,Neville Wright,M,29,183,100,Canada-2,CAN,2010 Winter,2010,Winter,Vancouver,Bobsleigh,Bobsleigh Men's Four,No Medal,0
131719,Neville Wright,M,33,183,100,Canada-2,CAN,2014 Winter,2014,Winter,Sochi,Bobsleigh,Bobsleigh Men's Four,No Medal,0
132784,Filipp Yevgenyevich Yegorov,M,23,182,90,Russia-2,RUS,2002 Winter,2002,Winter,Salt Lake City,Bobsleigh,Bobsleigh Men's Four,No Medal,0
132784,Filipp Yevgenyevich Yegorov,M,27,182,90,Russia-1,RUS,2006 Winter,2006,Winter,Torino,Bobsleigh,Bobsleigh Men's Four,Silver,1
132784,Filipp Yevgenyevich Yegorov,M,31,182,90,Russia-2,RUS,2010 Winter,2010,Winter,Vancouver,Bobsleigh,Bobsleigh Men's Four,No Medal,0
133524,Andrey Sergeyevich Yurkov,M,26,185,104,Russia-3,RUS,2010 Winter,2010,Winter,Vancouver,Bobsleigh,Bobsleigh Men's Four,No Medal,0
133780,Nikita Vladimirovich Zakharov,M,26,186,86,Russia-3,RUS,2014 Winter,2014,Winter,Sochi,Bobsleigh,Bobsleigh Men's Four,No Medal,0
133833,Daniel Zalewski,M,22,181,100,Poland,POL,2014 Winter,2014,Winter,Sochi,Bobsleigh,Bobsleigh Men's Four,No Medal,0
133881,Bohdan Zamostianyk,M,27,185,99,Ukraine,UKR,2002 Winter,2002,Winter,Salt Lake City,Bobsleigh,Bobsleigh Men's Four,No Medal,0
133996,Paul Anthony Zar,M,34,180,86,United States Virgin Islands,ISV,2002 Winter,2002,Winter,Salt Lake City,Bobsleigh,Bobsleigh Men's Four,No Medal,0
134014,Giulio Zardo,M,21,185,104,Canada-1,CAN,2002 Winter,2002,Winter,Salt Lake City,Bobsleigh,Bobsleigh Men's Two,No Medal,0
134014,Giulio Zardo,M,21,185,104,Canada,CAN,2002 Winter,2002,Winter,Salt Lake City,Bobsleigh,Bobsleigh Men's Four,No Medal,0
134168,Micha Zblewski,M,25,186,95,Poland,POL,2006 Winter,2006,Winter,Torino,Bobsleigh,Bobsleigh Men's Four,No Medal,0
134168,Micha Zblewski,M,29,186,95,Poland,POL,2010 Winter,2010,Winter,Vancouver,Bobsleigh,Bobsleigh Men's Four,No Medal,0
134901,Yuriy Zhuravskiy,M,27,190,96,Ukraine,UKR,2002 Winter,2002,Winter,Salt Lake City,Bobsleigh,Bobsleigh Men's Four,No Medal,0
135034,Markus Zimmermann,M,37,191,105,Germany-1,GER,2002 Winter,2002,Winter,Salt Lake City,Bobsleigh,Bobsleigh Men's Two,Gold,1
135034,Markus Zimmermann,M,37,191,105,Germany-1,GER,2002 Winter,2002,Winter,Salt Lake City,Bobsleigh,Bobsleigh Men's Four,No Medal,0
135215,Zachary John Zoller,M,29,178,98,United States Virgin Islands,ISV,2002 Winter,2002,Winter,Salt Lake City,Bobsleigh,Bobsleigh Men's Two,No Medal,0
135315,Zsolt Zsombor,M,30,193,115,Hungary,HUN,2002 Winter,2002,Winter,Salt Lake City,Bobsleigh,Bobsleigh Men's Four,No Medal,0
135343,Aleksandr Yuryevich Zubkov,M,27,189,102,Russia-1,RUS,2002 Winter,2002,Winter,Salt Lake City,Bobsleigh,Bobsleigh Men's Two,No Medal,0
135343,Aleksandr Yuryevich Zubkov,M,27,189,102,Russia-2,RUS,2002 Winter,2002,Winter,Salt Lake City,Bobsleigh,Bobsleigh Men's Four,No Medal,0
135343,Aleksandr Yuryevich Zubkov,M,31,189,102,Russia-1,RUS,2006 Winter,2006,Winter,Torino,Bobsleigh,Bobsleigh Men's Two,No Medal,0
135343,Aleksandr Yuryevich Zubkov,M,31,189,102,Russia-1,RUS,2006 Winter,2006,Winter,Torino,Bobsleigh,Bobsleigh Men's Four,Silver,1
135343,Aleksandr Yuryevich Zubkov,M,35,189,102,Russia-1,RUS,2010 Winter,2010,Winter,Vancouver,Bobsleigh,Bobsleigh Men's Two,Bronze,1
135343,Aleksandr Yuryevich Zubkov,M,35,189,102,Russia-2,RUS,2010 Winter,2010,Winter,Vancouver,Bobsleigh,Bobsleigh Men's Four,No Medal,0
135343,Aleksandr Yuryevich Zubkov,M,39,189,102,Russia-1,RUS,2014 Winter,2014,Winter,Sochi,Bobsleigh,Bobsleigh Men's Two,Gold,1
135343,Aleksandr Yuryevich Zubkov,M,39,189,102,Russia-1,RUS,2014 Winter,2014,Winter,Sochi,Bobsleigh,Bobsleigh Men's Four,Gold,1
135571,Tomasz Ireneusz ya,M,34,185,96,Poland,POL,2002 Winter,2002,Winter,Salt Lake City,Bobsleigh,Bobsleigh Men's Four,No Medal,0
